Year,Trimestre,Mois,Properties,Reservation number,Accomodation Rev,Occpancy Ratio,Average Night rate,Booking_Count,Average Night rate 2
2017,Trim 4,décembre,Agba Apartment Morzine,88,"€ 2055,48","22,58 %",66.3058,1,"293,64 €"
2017,Trim 4,décembre,Omaroo I Morzine,97,"€ 436,40","25,81 %",14.0774,1,"54,55 €"
2017,Trim 4,décembre,Omaroo Il Morzine,108,"€ 1467,28","6,45 %",47.3316,1,"209,61 €"
2017,Trim 4,décembre,Omaroo Il Morzine,128,"€ 5440,89","22,58 %",175.5126,1,"777,27 €"
2018,Trim 1,janvier,Agba Apartment Morzine,118,"€ 1381,80","12,90 %",44.5742,1,"345,45 €"
2018,Trim 1,janvier,Agba Apartment Morzine,62,"€ 1369,08","9,68 %",44.1639,1,"456,36 €"
2018,Trim 1,janvier,Agba Apartment Morzine,8,"€ 1221,81","9,68 %",39.4132,1,"407,27 €"
2018,Trim 1,janvier,Ayan Apartment Morzine,38,"€ 1685,44","12,90 %",54.369,1,"421,36 €"
2018,Trim 1,janvier,Ayan Apartment Morzine,46,"€ 916,54","6,45 %",29.5658,1,"458,27 €"
2018,Trim 1,janvier,Ayan Apartment Morzine,82,"€ 1227,27","9,68 %",39.5894,1,"409,09 €"
2018,Trim 1,janvier,Catalpa Apartment Morzine,147,"€ 363,64","8,00 %",14.5456,1,"181,82 €"
2018,Trim 1,janvier,Catalpa Apartment Morzine,216,"€ 668,19","12,00 %",26.7276,1,"222,73 €"
2018,Trim 1,janvier,Catalpa Apartment Morzine,85,"€ 727,26","12,00 %",29.0904,1,"242,42 €"
2018,Trim 1,janvier,Catalpa Apartment Morzine,9,"€ 1087,28","16,00 %",43.4912,1,"271,82 €"
2018,Trim 1,janvier,Ipê Apartment Morzine,37,"€ 1409,44","12,90 %",45.4658,1,"352,36 €"
2018,Trim 1,janvier,Ipê Apartment Morzine,48,"€ 1090,54","12,90 %",35.1787,1,"272,64 €"
2018,Trim 1,janvier,Ipê Apartment Morzine,68,"€ 752,73","9,68 %",24.2816,1,"250,91 €"
2018,Trim 1,janvier,Ipê Apartment Morzine,86,"€ 880,92","9,68 %",28.4168,1,"293,64 €"
2018,Trim 1,janvier,Iroko Apartment Morzine,12,"€ 426,36","6,45 %",13.7535,1,"213,18 €"
2018,Trim 1,janvier,Iroko Apartment Morzine,143,"€ 572,73","9,68 %",18.4752,1,"190,91 €"
2018,Trim 1,janvier,Iroko Apartment Morzine,34,"€ 706,35","9,68 %",22.7855,1,"235,45 €"
2018,Trim 1,janvier,Iroko Apartment Morzine,58,"€ 214,45","3,23 %",6.9177,1,"71,48 €"
2018,Trim 1,janvier,Iroko Apartment Morzine,92,"€ 470,90","6,45 %",15.1903,1,"235,45 €"
2018,Trim 1,janvier,Karri Apartment Morzine,145,"€ 546,00","9,68 %",17.6129,1,"182,00 €"
2018,Trim 1,janvier,Karri Apartment Morzine,215,"€ 668,19","9,68 %",21.5545,1,"167,05 €"
2018,Trim 1,janvier,Karri Apartment Morzine,39,"€ 829,08","9,68 %",26.7445,1,"276,36 €"
2018,Trim 1,janvier,Karri Apartment Morzine,61,"€ 829,08","9,68 %",26.7445,1,"276,36 €"
2018,Trim 1,janvier,Karri Apartment Morzine,83,"€ 743,64","9,68 %",23.9884,1,"247,88 €"
2018,Trim 1,janvier,Kauri Apartment Morzine,47,"€ 832,90","8,33 %",34.7042,1,"416,45 €"
2018,Trim 1,janvier,Kauri Apartment Morzine,56,"€ 1418,20","16,67 %",59.0917,1,"354,55 €"
2018,Trim 1,janvier,Le Rouge Chalet Morzine,10,"€ 3291,28","12,90 %",106.1703,1,"822,82 €"
2018,Trim 1,janvier,Le Rouge Chalet Morzine,111,"€ 1718,18","6,45 %",55.4252,1,"859,09 €"
2018,Trim 1,janvier,Le Rouge Chalet Morzine,60,"€ 2871,81","9,68 %",92.639,1,"957,27 €"
2018,Trim 1,janvier,Le Rouge Chalet Morzine,96,"€ 2170,19","9,68 %",70.0061,1,"723,40 €"
2018,Trim 1,janvier,Lovoa Apartment Morzine,26,"€ 706,35","9,68 %",22.7855,1,"235,45 €"
2018,Trim 1,janvier,Lovoa Apartment Morzine,33,"€ 1130,20","12,90 %",36.4581,1,"282,55 €"
2018,Trim 1,janvier,Lovoa Apartment Morzine,43,"€ 520,28","6,45 %",16.7832,1,"260,14 €"
2018,Trim 1,janvier,Meranti Apartment Morzine,106,"€ 1296,36","16,13 %",41.8181,1,"259,27 €"
2018,Trim 1,janvier,Meranti Apartment Morzine,152,"€ 668,19","9,68 %",21.5545,1,"167,05 €"
2018,Trim 1,janvier,Meranti Apartment Morzine,35,"€ 829,08","9,68 %",26.7445,1,"276,36 €"
2018,Trim 1,janvier,Meranti Apartment Morzine,93,"€ 552,72","6,45 %",17.8297,1,"276,36 €"
2018,Trim 1,janvier,Omaroo I Morzine,124,"€ 2058,20","12,90 %",66.3935,1,"514,55 €"
2018,Trim 1,janvier,Omaroo I Morzine,149,"€ 2058,20","12,90 %",66.3935,1,"514,55 €"
2018,Trim 1,janvier,Omaroo I Morzine,55,"€ 1914,54","9,68 %",61.7594,1,"638,18 €"
2018,Trim 1,janvier,Omaroo I Morzine,66,"€ 1276,36","6,45 %",41.1729,1,"638,18 €"
2018,Trim 1,janvier,Omaroo I Morzine,94,"€ 1000,00","6,45 %",32.2581,1,"500,00 €"
2018,Trim 1,janvier,Omaroo Il Morzine,108,"€ 3668,20","16,13 %",118.329,1,"524,03 €"
2018,Trim 1,janvier,Omaroo Il Morzine,110,"€ 886,36","6,45 %",28.5923,1,"443,18 €"
2018,Trim 1,janvier,Omaroo Il Morzine,123,"€ 1545,44","12,90 %",49.8529,1,"386,36 €"
2018,Trim 1,janvier,Omaroo Il Morzine,57,"€ 956,36","6,45 %",30.8503,1,"478,18 €"
2018,Trim 1,janvier,Omaroo Il Morzine,81,"€ 949,10","6,45 %",30.6161,1,"474,55 €"
2018,Trim 1,janvier,Omaroo Il Morzine,84,"€ 1995,45","16,13 %",64.3694,1,"399,09 €"
2018,Trim 1,janvier,Omaroo Il Morzine,95,"€ 787,28","6,45 %",25.3961,1,"393,64 €"
2018,Trim 1,janvier,Sugi Apartment Morzine,15,"€ 1410,00","9,68 %",45.4839,1,"470,00 €"
2018,Trim 1,janvier,Sugi Apartment Morzine,17,"€ 868,18","6,45 %",28.0058,1,"434,09 €"
2018,Trim 1,janvier,Sugi Apartment Morzine,182,"€ 1254,54","9,68 %",40.469,1,"418,18 €"
2018,Trim 1,janvier,Sugi Apartment Morzine,7,"€ 1385,46","9,68 %",44.6923,1,"461,82 €"
2018,Trim 1,janvier,Takian Apartment Morzine,137,"€ 1000,00","12,90 %",32.2581,1,"250,00 €"
2018,Trim 1,janvier,Takian Apartment Morzine,23,"€ 1483,64","12,90 %",47.8594,1,"370,91 €"
2018,Trim 1,janvier,Takian Apartment Morzine,31,"€ 1236,36","12,90 %",39.8826,1,"309,09 €"
2018,Trim 1,janvier,Takian Apartment Morzine,53,"€ 562,54","6,45 %",18.1465,1,"140,64 €"
2018,Trim 1,janvier,Takian Apartment Morzine,64,"€ 570,91","6,45 %",18.4165,1,"285,46 €"
2018,Trim 1,février,Agba Apartment Morzine,138,"€ 4944,52","25,00 %",176.59,1,"706,36 €"
2018,Trim 1,février,Agba Apartment Morzine,272,"€ 2119,08","10,71 %",75.6814,1,"706,36 €"
2018,Trim 1,février,Ayan Apartment Morzine,148,"€ 4944,52","25,00 %",176.59,1,"706,36 €"
2018,Trim 1,février,Ayan Apartment Morzine,226,"€ 2119,08","10,71 %",75.6814,1,"706,36 €"
2018,Trim 1,février,Ayan Apartment Morzine,374,"€ 1416,00","7,14 %",50.5714,1,"354,00 €"
2018,Trim 1,février,Catalpa Apartment Morzine,277,"€ 763,64","7,14 %",27.2729,1,"381,82 €"
2018,Trim 1,février,Catalpa Apartment Morzine,283,"€ 2145,45","17,86 %",76.6232,1,"429,09 €"
2018,Trim 1,février,Catalpa Apartment Morzine,90,"€ 2831,85","25,00 %",101.1375,1,"404,55 €"
2018,Trim 1,février,Ipê Apartment Morzine,251,"€ 1366,35","10,71 %",48.7982,1,"455,45 €"
2018,Trim 1,février,Ipê Apartment Morzine,67,"€ 3010,00","25,00 %",107.5,1,"430,00 €"
2018,Trim 1,février,Ipê Apartment Morzine,91,"€ 2150,00","17,86 %",76.7857,1,"307,14 €"
2018,Trim 1,février,Iroko Apartment Morzine,308,"€ 364,55","3,57 %",13.0196,1,"121,52 €"
2018,Trim 1,février,Iroko Apartment Morzine,36,"€ 2405,48","25,00 %",85.91,1,"343,64 €"
2018,Trim 1,février,Iroko Apartment Morzine,400,"€ 1458,20","14,29 %",52.0786,1,"364,55 €"
2018,Trim 1,février,Iroko Apartment Morzine,49,"€ 2405,48","25,00 %",85.91,1,"343,64 €"
2018,Trim 1,février,Iroko Apartment Morzine,58,"€ 428,90","7,14 %",15.3179,1,"142,97 €"
2018,Trim 1,février,Karri Apartment Morzine,215,"€ 334,55","3,57 %",11.9482,1,"83,64 €"
2018,Trim 1,février,Karri Apartment Morzine,275,"€ 1287,27","10,71 %",45.9739,1,"429,09 €"
2018,Trim 1,février,Karri Apartment Morzine,376,"€ 272,73","3,57 %",9.7404,1,"272,73 €"
2018,Trim 1,février,Karri Apartment Morzine,70,"€ 2831,85","25,00 %",101.1375,1,"404,55 €"
2018,Trim 1,février,Kauri Apartment Morzine,223,"€ 2570,92","14,29 %",91.8186,1,"642,73 €"
2018,Trim 1,février,Kauri Apartment Morzine,71,"€ 4244,52","25,00 %",151.59,1,"606,36 €"
2018,Trim 1,février,Le Rouge Chalet Morzine,103,"€ 8221,85","25,00 %",293.6375,1,"1174,55 €"
2018,Trim 1,février,Le Rouge Chalet Morzine,377,"€ 3523,65","10,71 %",125.8446,1,"1174,55 €"
2018,Trim 1,février,Lovoa Apartment Morzine,104,"€ 428,90","7,14 %",15.3179,1,"214,45 €"
2018,Trim 1,février,Lovoa Apartment Morzine,150,"€ 2551,85","25,00 %",91.1375,1,"364,55 €"
2018,Trim 1,février,Lovoa Apartment Morzine,248,"€ 1367,05","17,86 %",48.8232,1,"273,41 €"
2018,Trim 1,février,Lovoa Apartment Morzine,27,"€ 2405,48","25,00 %",85.91,1,"343,64 €"
2018,Trim 1,février,Lovoa Apartment Morzine,59,"€ 1468,20","17,86 %",52.4357,1,"209,74 €"
2018,Trim 1,février,Meranti Apartment Morzine,112,"€ 2990,89","25,00 %",106.8175,1,"427,27 €"
2018,Trim 1,février,Meranti Apartment Morzine,152,"€ 334,55","3,57 %",11.9482,1,"83,64 €"
2018,Trim 1,février,Meranti Apartment Morzine,291,"€ 1287,27","10,71 %",45.9739,1,"429,09 €"
2018,Trim 1,février,Meranti Apartment Morzine,381,"€ 1716,36","14,29 %",61.2986,1,"343,27 €"
2018,Trim 1,février,Omaroo I Morzine,243,"€ 3109,08","10,71 %",111.0386,1,"1036,36 €"
2018,Trim 1,février,Omaroo I Morzine,375,"€ 787,86","7,14 %",28.1379,1,"393,93 €"
2018,Trim 1,février,Omaroo I Morzine,69,"€ 6847,26","25,00 %",244.545,1,"978,18 €"
2018,Trim 1,février,Omaroo Il Morzine,102,"€ 4736,48","25,00 %",169.16,1,"676,64 €"
2018,Trim 1,février,Omaroo Il Morzine,224,"€ 3109,08","14,29 %",111.0386,1,"777,27 €"
2018,Trim 1,février,Omaroo Il Morzine,285,"€ 181,82","7,14 %",6.4936,1,"90,91 €"
2018,Trim 1,février,Omaroo Il Morzine,290,"€ 2330,67","14,29 %",83.2382,1,"582,67 €"
2018,Trim 1,février,Omaroo Il Morzine,303,"€ 3109,08","14,29 %",111.0386,1,"777,27 €"
2018,Trim 1,février,Sugi Apartment Morzine,14,"€ 4810,89","25,00 %",171.8175,1,"687,27 €"
2018,Trim 1,février,Sugi Apartment Morzine,293,"€ 2400,00","10,71 %",85.7143,1,"800,00 €"
2018,Trim 1,février,Takian Apartment Morzine,221,"€ 2520,00","25,00 %",90,1,"360,00 €"
2018,Trim 1,février,Takian Apartment Morzine,361,"€ 1181,83","10,71 %",42.2082,1,"393,94 €"
2018,Trim 1,février,Takian Apartment Morzine,42,"€ 3162,74","25,00 %",112.955,1,"451,82 €"
2018,Trim 1,février,Takian Apartment Morzine,53,"€ 562,54","7,14 %",20.0907,1,"140,64 €"
2018,Trim 1,mars,Agba Apartment Morzine,240,"€ 3531,80","16,13 %",113.929,1,"706,36 €"
2018,Trim 1,mars,Agba Apartment Morzine,267,"€ 2119,08","9,68 %",68.3574,1,"706,36 €"
2018,Trim 1,mars,Agba Apartment Morzine,440,"€ 1412,72","6,45 %",45.5716,1,"706,36 €"
2018,Trim 1,mars,Agba Apartment Morzine,466,"€ 1483,35","9,68 %",47.85,1,"494,45 €"
2018,Trim 1,mars,Ayan Apartment Morzine,250,"€ 2825,44","12,90 %",91.1432,1,"706,36 €"
2018,Trim 1,mars,Ayan Apartment Morzine,268,"€ 2119,08","9,68 %",68.3574,1,"706,36 €"
2018,Trim 1,mars,Ayan Apartment Morzine,374,"€ 1416,00","6,45 %",45.6774,1,"354,00 €"
2018,Trim 1,mars,Catalpa Apartment Morzine,262,"€ 1287,27","9,68 %",41.5248,1,"429,09 €"
2018,Trim 1,mars,Catalpa Apartment Morzine,349,"€ 1716,36","12,90 %",55.3665,1,"429,09 €"
2018,Trim 1,mars,Catalpa Apartment Morzine,506,"€ 901,08","9,68 %",29.0671,1,"300,36 €"
2018,Trim 1,mars,Catalpa Apartment Morzine,530,"€ 514,90","6,45 %",16.6097,1,"171,63 €"
2018,Trim 1,mars,Ipê Apartment Morzine,101,"€ 3188,15","22,58 %",102.8435,1,"455,45 €"
2018,Trim 1,mars,Ipê Apartment Morzine,382,"€ 1821,80","12,90 %",58.7677,1,"455,45 €"
2018,Trim 1,mars,Ipê Apartment Morzine,486,"€ 956,46","9,68 %",30.8535,1,"318,82 €"
2018,Trim 1,mars,Ipê Apartment Morzine,488,"€ 910,90","6,45 %",29.3839,1,"227,73 €"
2018,Trim 1,mars,Ipê Apartment Morzine,91,"€ 860,00","6,45 %",27.7419,1,"122,86 €"
2018,Trim 1,mars,Iroko Apartment Morzine,115,"€ 2150,89","36,84 %",113.2047,1,"307,27 €"
2018,Trim 1,mars,Iroko Apartment Morzine,265,"€ 2551,85","36,84 %",134.3079,1,"364,55 €"
2018,Trim 1,mars,Iroko Apartment Morzine,308,"€ 729,10","10,53 %",38.3737,1,"243,03 €"
2018,Trim 1,mars,Karri Apartment Morzine,295,"€ 1287,27","9,68 %",41.5248,1,"429,09 €"
2018,Trim 1,mars,Karri Apartment Morzine,328,"€ 1716,36","12,90 %",55.3665,1,"429,09 €"
2018,Trim 1,mars,Karri Apartment Morzine,331,"€ 1287,27","9,68 %",41.5248,1,"429,09 €"
2018,Trim 1,mars,Karri Apartment Morzine,411,"€ 2145,45","16,13 %",69.2081,1,"429,09 €"
2018,Trim 1,mars,Karri Apartment Morzine,539,,,,1,
2018,Trim 1,mars,Kauri Apartment Morzine,20,"€ 4558,89","22,58 %",147.061,1,"651,27 €"
2018,Trim 1,mars,Kauri Apartment Morzine,380,"€ 1928,19","9,68 %",62.1997,1,"642,73 €"
2018,Trim 1,mars,Kauri Apartment Morzine,505,"€ 1020,72","12,90 %",32.9265,1,"255,18 €"
2018,Trim 1,mars,Kauri Apartment Morzine,534,"€ 385,64","3,23 %",12.44,1,"64,27 €"
2018,Trim 1,mars,Le Rouge Chalet Morzine,241,"€ 7456,38","19,35 %",240.5284,1,"1242,73 €"
2018,Trim 1,mars,Le Rouge Chalet Morzine,263,"€ 3728,19","9,68 %",120.2642,1,"1242,73 €"
2018,Trim 1,mars,Le Rouge Chalet Morzine,306,"€ 3976,72","12,90 %",128.2813,1,"994,18 €"
2018,Trim 1,mars,Le Rouge Chalet Morzine,352,"€ 2982,54","9,68 %",96.211,1,"994,18 €"
2018,Trim 1,mars,Lovoa Apartment Morzine,227,"€ 1458,20","20,00 %",72.91,1,"364,55 €"
2018,Trim 1,mars,Lovoa Apartment Morzine,316,"€ 1822,75","25,00 %",91.1375,1,"364,55 €"
2018,Trim 1,mars,Lovoa Apartment Morzine,446,"€ 729,10","10,00 %",36.455,1,"364,55 €"
2018,Trim 1,mars,Lovoa Apartment Morzine,527,"€ 437,46","10,00 %",21.873,1,"145,82 €"
2018,Trim 1,mars,Lovoa Apartment Morzine,59,"€ 587,28","10,00 %",29.364,1,"83,90 €"
2018,Trim 1,mars,Meranti Apartment Morzine,249,"€ 1716,36","12,90 %",55.3665,1,"429,09 €"
2018,Trim 1,mars,Meranti Apartment Morzine,252,"€ 1287,27","9,68 %",41.5248,1,"429,09 €"
2018,Trim 1,mars,Meranti Apartment Morzine,314,"€ 429,09","3,23 %",13.8416,1,"107,27 €"
2018,Trim 1,mars,Meranti Apartment Morzine,332,"€ 1716,36","12,90 %",55.3665,1,"429,09 €"
2018,Trim 1,mars,Meranti Apartment Morzine,381,"€ 429,09","3,23 %",13.8416,1,"85,82 €"
2018,Trim 1,mars,Meranti Apartment Morzine,430,"€ 1093,65","9,68 %",35.279,1,"364,55 €"
2018,Trim 1,mars,Meranti Apartment Morzine,490,"€ 1132,72","12,90 %",36.5394,1,"283,18 €"
2018,Trim 1,mars,Meranti Apartment Morzine,492,"€ 510,36","6,45 %",16.4632,1,"255,18 €"
2018,Trim 1,mars,Omaroo I Morzine,329,"€ 3109,08","9,68 %",100.2929,1,"1036,36 €"
2018,Trim 1,mars,Omaroo I Morzine,472,"€ 2176,35","9,68 %",70.2048,1,"725,45 €"
2018,Trim 1,mars,Omaroo I Morzine,507,,,,1,
2018,Trim 1,mars,Omaroo I Morzine,65,"€ 5657,26","22,58 %",182.4923,1,"808,18 €"
2018,Trim 1,mars,Omaroo Il Morzine,119,"€ 5440,89","22,58 %",175.5126,1,"777,27 €"
2018,Trim 1,mars,Omaroo Il Morzine,292,"€ 2331,81","9,68 %",75.2197,1,"777,27 €"
2018,Trim 1,mars,Omaroo Il Morzine,386,"€ 3109,08","12,90 %",100.2929,1,"777,27 €"
2018,Trim 1,mars,Omaroo Il Morzine,559,"€ 109,10","6,45 %",3.5194,1,"54,55 €"
2018,Trim 1,mars,Sugi Apartment Morzine,105,"€ 2820,00","19,35 %",90.9677,1,"470,00 €"
2018,Trim 1,mars,Sugi Apartment Morzine,116,"€ 4301,85","22,58 %",138.7694,1,"614,55 €"
2018,Trim 1,mars,Sugi Apartment Morzine,469,"€ 1680,00","9,68 %",54.1935,1,"560,00 €"
2018,Trim 1,mars,Takian Apartment Morzine,18,"€ 3511,61","22,58 %",113.2777,1,"501,66 €"
2018,Trim 1,mars,Takian Apartment Morzine,29,"€ 1112,73","9,68 %",35.8945,1,"370,91 €"
2018,Trim 1,mars,Takian Apartment Morzine,379,"€ 1458,20","12,90 %",47.0387,1,"364,55 €"
2018,Trim 1,mars,Takian Apartment Morzine,528,"€ 656,19","9,68 %",21.1674,1,"164,05 €"
2018,Trim 1,mars,Takian Apartment Morzine,540,,,,1,
2018,Trim 2,avril,Agba Apartment Morzine,595,,,,1,
2018,Trim 2,avril,Catalpa Apartment Morzine,530,"€ 257,45","3,33 %",8.5817,1,"85,82 €"
2018,Trim 2,avril,Catalpa Apartment Morzine,563,"€ 890,92","13,33 %",29.6973,1,"222,73 €"
2018,Trim 2,avril,Ipê Apartment Morzine,488,"€ 910,90","6,67 %",30.3633,1,"227,73 €"
2018,Trim 2,avril,Iroko Apartment Morzine,541,"€ 1463,63","77,78 %",162.6256,1,"209,09 €"
2018,Trim 2,avril,Karri Apartment Morzine,539,"€ 514,90","6,67 %",17.1633,1,"257,45 €"
2018,Trim 2,avril,Karri Apartment Morzine,561,"€ 2273,64","20,00 %",75.788,1,"378,94 €"
2018,Trim 2,avril,Karri Apartment Morzine,585,"€ 262,90","6,67 %",8.7633,1,"131,45 €"
2018,Trim 2,avril,Kauri Apartment Morzine,534,"€ 1928,20","16,67 %",64.2733,1,"321,37 €"
2018,Trim 2,avril,Le Rouge Chalet Morzine,573,,,,1,
2018,Trim 2,avril,Le Rouge Chalet Morzine,592,,,,1,
2018,Trim 2,avril,Lovoa Apartment Morzine,527,"€ 218,73","16,67 %",36.455,1,"72,91 €"
2018,Trim 2,avril,Lovoa Apartment Morzine,556,"€ 1093,65","83,33 %",182.275,1,"218,73 €"
2018,Trim 2,avril,Meranti Apartment Morzine,314,"€ 1287,27","10,00 %",42.909,1,"321,82 €"
2018,Trim 2,avril,Meranti Apartment Morzine,562,"€ 2067,28","20,00 %",68.9093,1,"344,55 €"
2018,Trim 2,avril,Meranti Apartment Morzine,594,"€ 729,08","13,33 %",24.3027,1,"145,82 €"
2018,Trim 2,avril,Omaroo I Morzine,507,"€ 2056,37","10,00 %",68.5457,1,"685,46 €"
2018,Trim 2,avril,Omaroo I Morzine,557,,,,1,
2018,Trim 2,avril,Omaroo I Morzine,598,"€ 581,82","6,67 %",19.394,1,"145,46 €"
2018,Trim 2,avril,Omaroo Il Morzine,373,"€ 1743,63","16,67 %",58.121,1,"348,73 €"
2018,Trim 2,avril,Omaroo Il Morzine,559,,"0,00 %",,1,
2018,Trim 2,avril,Omaroo Il Morzine,566,"€ 2129,08","13,33 %",70.9693,1,"532,27 €"
2018,Trim 2,avril,Takian Apartment Morzine,528,"€ 218,73","3,33 %",7.291,1,"54,68 €"
2018,Trim 2,avril,Takian Apartment Morzine,593,"€ 344,72","6,67 %",11.4907,1,"172,36 €"
2018,Trim 2,mai,Ayan Apartment Morzine,615,,,,1,
2018,Trim 2,mai,Catalpa Apartment Morzine,343,"€ 408,18","6,45 %",13.1671,1,"136,06 €"
2018,Trim 2,mai,Catalpa Apartment Morzine,637,"€ 341,09","6,45 %",11.0029,1,"170,55 €"
2018,Trim 2,mai,Iroko Apartment Morzine,613,"€ 291,63","11,76 %",17.1547,1,"145,82 €"
2018,Trim 2,mai,Karri Apartment Morzine,107,"€ 597,27","9,68 %",19.2668,1,"199,09 €"
2018,Trim 2,mai,Le Rouge Chalet Morzine,125,"€ 1205,45","11,11 %",44.6463,1,"301,36 €"
2018,Trim 2,mai,Lovoa Apartment Morzine,245,"€ 436,35","13,64 %",19.8341,1,"145,45 €"
2018,Trim 2,mai,Meranti Apartment Morzine,342,"€ 408,18","6,45 %",13.1671,1,"136,06 €"
2018,Trim 2,mai,Meranti Apartment Morzine,594,"€ 145,45","3,23 %",4.6919,1,"29,09 €"
2018,Trim 2,mai,Meranti Apartment Morzine,599,,,,1,
2018,Trim 2,mai,Omaroo I Morzine,557,"€ 772,72","6,45 %",24.9265,1,"386,36 €"
2018,Trim 2,mai,Omaroo I Morzine,598,"€ 581,82","6,45 %",18.7684,1,"145,46 €"
2018,Trim 2,mai,Omaroo I Morzine,610,"€ 696,72","6,45 %",22.4748,1,"348,36 €"
2018,Trim 2,mai,Omaroo I Morzine,621,,,,1,
2018,Trim 2,mai,Omaroo Il Morzine,602,"€ 1308,18","12,90 %",42.1994,1,"327,05 €"
2018,Trim 2,mai,Omaroo Il Morzine,623,,,,1,
2018,Trim 2,mai,Omaroo Il Morzine,627,,,,1,
2018,Trim 2,mai,Omaroo Il Morzine,639,,,,1,
2018,Trim 2,mai,Omaroo Il Morzine,643,,,,1,
2018,Trim 2,mai,Sugi Apartment Morzine,244,"€ 763,64","6,45 %",24.6335,1,"254,55 €"
2018,Trim 2,mai,Sugi Apartment Morzine,619,"€ 636,36","6,45 %",20.5277,1,"318,18 €"
2018,Trim 2,juin,Catalpa Apartment Morzine,343,"€ 204,09","3,33 %",6.803,1,"68,03 €"
2018,Trim 2,juin,Iroko Apartment Morzine,209,"€ 538,18","6,67 %",17.9393,1,"179,39 €"
2018,Trim 2,juin,Iroko Apartment Morzine,665,"€ 583,63","10,00 %",19.4543,1,"194,54 €"
2018,Trim 2,juin,Iroko Apartment Morzine,687,,,,1,
2018,Trim 2,juin,Kauri Apartment Morzine,698,,,,1,
2018,Trim 2,juin,Kauri Apartment Morzine,701,,,,1,
2018,Trim 2,juin,Le Rouge Chalet Morzine,125,"€ 556,36","3,33 %",18.5453,1,"139,09 €"
2018,Trim 2,juin,Le Rouge Chalet Morzine,573,"€ 1262,94","6,67 %",42.098,1,"631,47 €"
2018,Trim 2,juin,Le Rouge Chalet Morzine,592,"€ 3944,55","23,33 %",131.485,1,"563,51 €"
2018,Trim 2,juin,Le Rouge Chalet Morzine,681,,,,1,
2018,Trim 2,juin,Lovoa Apartment Morzine,642,"€ 198,18","6,67 %",6.606,1,"99,09 €"
2018,Trim 2,juin,Lovoa Apartment Morzine,652,,,,1,
2018,Trim 2,juin,Lovoa Apartment Morzine,661,,,,1,
2018,Trim 2,juin,Meranti Apartment Morzine,342,"€ 204,09","3,33 %",6.803,1,"68,03 €"
2018,Trim 2,juin,Meranti Apartment Morzine,659,,,,1,
2018,Trim 2,juin,Meranti Apartment Morzine,660,,,,1,
2018,Trim 2,juin,Meranti Apartment Morzine,663,,,,1,
2018,Trim 2,juin,Meranti Apartment Morzine,664,,,,1,
2018,Trim 2,juin,Omaroo Il Morzine,476,"€ 581,82","6,67 %",19.394,1,"290,91 €"
2018,Trim 2,juin,Omaroo Il Morzine,639,"€ 581,82","6,67 %",19.394,1,"290,91 €"
2018,Trim 2,juin,Omaroo Il Morzine,682,,,,1,
2018,Trim 2,juin,Sugi Apartment Morzine,244,"€ 381,82","3,33 %",12.7273,1,"127,27 €"
2018,Trim 2,juin,Sugi Apartment Morzine,40,"€ 1168,36","10,00 %",38.9453,1,"389,45 €"
2018,Trim 2,juin,Takian Apartment Morzine,210,"€ 1060,92","10,00 %",35.364,1,"265,23 €"
2018,Trim 2,juin,Takian Apartment Morzine,540,"€ 1052,72","13,33 %",35.0907,1,"263,18 €"
2018,Trim 2,juin,Takian Apartment Morzine,662,,,,1,
2018,Trim 3,juillet,Agba Apartment Morzine,745,,,,1,
2018,Trim 3,juillet,Ayan Apartment Morzine,615,"€ 2210,00","16,13 %",71.2903,1,"276,25 €"
2018,Trim 3,juillet,Ayan Apartment Morzine,744,,,,1,
2018,Trim 3,juillet,Ayan Apartment Morzine,760,,,,1,
2018,Trim 3,juillet,Catalpa Apartment Morzine,715,"€ 733,33","13,79 %",25.2872,1,"66,67 €"
2018,Trim 3,juillet,Catalpa Apartment Morzine,757,"€ 210,00","3,45 %",7.2414,1,"210,00 €"
2018,Trim 3,juillet,Catalpa Apartment Morzine,762,,,,1,
2018,Trim 3,juillet,Catalpa Apartment Morzine,789,"€ 306,90","6,90 %",10.5828,1,"153,45 €"
2018,Trim 3,juillet,Ipê Apartment Morzine,735,"€ 521,81","9,68 %",16.8326,1,"173,94 €"
2018,Trim 3,juillet,Ipê Apartment Morzine,772,"€ 1123,65","19,35 %",36.2468,1,"187,28 €"
2018,Trim 3,juillet,Ipê Apartment Morzine,847,,,,1,
2018,Trim 3,juillet,Iroko Apartment Morzine,209,"€ 180,00","5,00 %",9,1,"60,00 €"
2018,Trim 3,juillet,Iroko Apartment Morzine,667,"€ 1238,20","25,00 %",61.91,1,"247,64 €"
2018,Trim 3,juillet,Iroko Apartment Morzine,687,"€ 280,00","10,00 %",14,1,"93,33 €"
2018,Trim 3,juillet,Iroko Apartment Morzine,702,"€ 548,06","15,00 %",27.403,1,"182,69 €"
2018,Trim 3,juillet,Iroko Apartment Morzine,719,,,,1,
2018,Trim 3,juillet,Iroko Apartment Morzine,737,,,,1,
2018,Trim 3,juillet,Iroko Apartment Morzine,738,,,,1,
2018,Trim 3,juillet,Iroko Apartment Morzine,838,,,,1,
2018,Trim 3,juillet,Karri Apartment Morzine,703,"€ 489,42","9,68 %",15.7877,1,"61,18 €"
2018,Trim 3,juillet,Karri Apartment Morzine,733,"€ 163,64","6,45 %",5.2787,1,"81,82 €"
2018,Trim 3,juillet,Karri Apartment Morzine,748,"€ 574,90","12,90 %",18.5452,1,"143,73 €"
2018,Trim 3,juillet,Karri Apartment Morzine,767,,,,1,
2018,Trim 3,juillet,Karri Apartment Morzine,790,,,,1,
2018,Trim 3,juillet,Karri Apartment Morzine,801,"€ 306,90","6,45 %",9.9,1,"153,45 €"
2018,Trim 3,juillet,Kauri Apartment Morzine,701,"€ 1555,47","22,58 %",50.1765,1,"222,21 €"
2018,Trim 3,juillet,Kauri Apartment Morzine,747,"€ 768,50","12,90 %",24.7903,1,"192,13 €"
2018,Trim 3,juillet,Kauri Apartment Morzine,791,,,,1,
2018,Trim 3,juillet,Le Rouge Chalet Morzine,681,"€ 4321,69","29,17 %",180.0704,1,"617,38 €"
2018,Trim 3,juillet,Le Rouge Chalet Morzine,763,"€ 782,73","4,17 %",32.6138,1,"782,73 €"
2018,Trim 3,juillet,Le Rouge Chalet Morzine,828,,,,1,
2018,Trim 3,juillet,Lovoa Apartment Morzine,385,"€ 190,91","7,69 %",14.6854,1,"63,64 €"
2018,Trim 3,juillet,Lovoa Apartment Morzine,739,,,,1,
2018,Trim 3,juillet,Lovoa Apartment Morzine,827,"€ 69,09","7,69 %",5.3146,1,"69,09 €"
2018,Trim 3,juillet,Lovoa Apartment Morzine,840,,,,1,
2018,Trim 3,juillet,Lovoa Apartment Morzine,846,,,,1,
2018,Trim 3,juillet,Lovoa Apartment Morzine,89,"€ 470,90","15,38 %",36.2231,1,"235,45 €"
2018,Trim 3,juillet,Meranti Apartment Morzine,599,"€ 763,64","12,90 %",24.6335,1,"190,91 €"
2018,Trim 3,juillet,Meranti Apartment Morzine,663,"€ 1619,99","22,58 %",52.2577,1,"231,43 €"
2018,Trim 3,juillet,Meranti Apartment Morzine,664,"€ 1409,29","16,13 %",45.461,1,"281,86 €"
2018,Trim 3,juillet,Meranti Apartment Morzine,778,,,,1,
2018,Trim 3,juillet,Meranti Apartment Morzine,779,,,,1,
2018,Trim 3,juillet,Meranti Apartment Morzine,848,"€ 327,28","6,45 %",10.5574,1,"109,09 €"
2018,Trim 3,juillet,Omaroo I Morzine,716,"€ 5006,34","32,26 %",161.4948,1,"455,12 €"
2018,Trim 3,juillet,Omaroo I Morzine,752,,,,1,
2018,Trim 3,juillet,Omaroo Il Morzine,682,"€ 3425,43","29,03 %",110.4977,1,"263,49 €"
2018,Trim 3,juillet,Omaroo Il Morzine,713,,,,1,
2018,Trim 3,juillet,Omaroo Il Morzine,727,,,,1,
2018,Trim 3,juillet,Omaroo Il Morzine,802,,,,1,
2018,Trim 3,juillet,Sugi Apartment Morzine,732,"€ 163,64","6,45 %",5.2787,1,"81,82 €"
2018,Trim 3,juillet,Sugi Apartment Morzine,754,"€ 1098,74","6,45 %",35.4432,1,"549,37 €"
2018,Trim 3,juillet,Takian Apartment Morzine,210,"€ 235,45","3,23 %",7.5952,1,"58,86 €"
2018,Trim 3,juillet,Takian Apartment Morzine,662,"€ 430,73","3,23 %",13.8945,1,"430,73 €"
2018,Trim 3,juillet,Takian Apartment Morzine,726,,,,1,
2018,Trim 3,juillet,Takian Apartment Morzine,755,,,,1,
2018,Trim 3,juillet,Takian Apartment Morzine,771,,,,1,
2018,Trim 3,juillet,Takian Apartment Morzine,775,,,,1,
2018,Trim 3,juillet,Takian Apartment Morzine,792,,,,1,
2018,Trim 3,juillet,Takian Apartment Morzine,801,"€ 344,72","6,45 %",11.12,1,"172,36 €"
2018,Trim 3,juillet,Takian Apartment Morzine,833,"€ 344,72","6,45 %",11.12,1,"86,18 €"
2018,Trim 3,août,Agba Apartment Morzine,1029,"€ 204,55","3,23 %",6.5984,1,"204,55 €"
2018,Trim 3,août,Agba Apartment Morzine,1052,"€ 1013,10","9,68 %",32.6806,1,"337,70 €"
2018,Trim 3,août,Agba Apartment Morzine,1102,,,,1,
2018,Trim 3,août,Agba Apartment Morzine,595,"€ 952,72","12,90 %",30.7329,1,"238,18 €"
2018,Trim 3,août,Agba Apartment Morzine,919,"€ 2058,19","16,13 %",66.3932,1,"411,64 €"
2018,Trim 3,août,Ayan Apartment Morzine,1095,"€ 612,72","6,45 %",19.7652,1,"306,36 €"
2018,Trim 3,août,Ayan Apartment Morzine,615,"€ 1473,64","9,68 %",47.5368,1,"184,21 €"
2018,Trim 3,août,Ayan Apartment Morzine,760,"€ 760,00","6,45 %",24.5161,1,"380,00 €"
2018,Trim 3,août,Ayan Apartment Morzine,877,"€ 887,28","9,68 %",28.6219,1,"295,76 €"
2018,Trim 3,août,Ayan Apartment Morzine,891,"€ 1178,83","9,68 %",38.0268,1,"392,94 €"
2018,Trim 3,août,Ayan Apartment Morzine,946,"€ 1136,35","19,35 %",36.6565,1,"189,39 €"
2018,Trim 3,août,Catalpa Apartment Morzine,1017,"€ 1456,71","25,81 %",46.9906,1,"182,09 €"
2018,Trim 3,août,Catalpa Apartment Morzine,715,"€ 1384,87","22,58 %",44.6732,1,"125,90 €"
2018,Trim 3,août,Catalpa Apartment Morzine,762,"€ 690,17","12,90 %",22.2635,1,"172,54 €"
2018,Trim 3,août,Catalpa Apartment Morzine,937,"€ 492,35","9,68 %",15.8823,1,"164,12 €"
2018,Trim 3,août,Ipê Apartment Morzine,447,"€ 3788,19","41,94 %",122.1997,1,"291,40 €"
2018,Trim 3,août,Ipê Apartment Morzine,847,"€ 408,73","6,45 %",13.1848,1,"204,37 €"
2018,Trim 3,août,Iroko Apartment Morzine,1014,,,,1,
2018,Trim 3,août,Iroko Apartment Morzine,1028,,,,1,
2018,Trim 3,août,Iroko Apartment Morzine,1051,,,,1,
2018,Trim 3,août,Iroko Apartment Morzine,687,"€ 140,00","5,88 %",8.2353,1,"46,67 €"
2018,Trim 3,août,Iroko Apartment Morzine,719,"€ 420,00","17,65 %",24.7059,1,"140,00 €"
2018,Trim 3,août,Iroko Apartment Morzine,838,"€ 263,28","11,76 %",15.4871,1,"131,64 €"
2018,Trim 3,août,Iroko Apartment Morzine,862,"€ 591,27","17,65 %",34.7806,1,"197,09 €"
2018,Trim 3,août,Iroko Apartment Morzine,902,,,,1,
2018,Trim 3,août,Karri Apartment Morzine,1113,,,,1,
2018,Trim 3,août,Karri Apartment Morzine,703,"€ 1058,77","16,13 %",34.1539,1,"132,35 €"
2018,Trim 3,août,Karri Apartment Morzine,790,"€ 843,62","16,13 %",27.2135,1,"168,72 €"
2018,Trim 3,août,Karri Apartment Morzine,860,"€ 766,35","9,68 %",24.721,1,"255,45 €"
2018,Trim 3,août,Karri Apartment Morzine,889,"€ 1178,71","16,13 %",38.0229,1,"235,74 €"
2018,Trim 3,août,Kauri Apartment Morzine,791,"€ 693,81","9,68 %",22.381,1,"231,27 €"
2018,Trim 3,août,Kauri Apartment Morzine,939,"€ 231,27","3,23 %",7.4603,1,"231,27 €"
2018,Trim 3,août,Kauri Apartment Morzine,955,,,,1,
2018,Trim 3,août,Kauri Apartment Morzine,988,"€ 263,28","6,45 %",8.4929,1,"131,64 €"
2018,Trim 3,août,Kauri Apartment Morzine,994,"€ 578,18","6,45 %",18.651,1,"289,09 €"
2018,Trim 3,août,Le Rouge Chalet Morzine,1079,,,,1,
2018,Trim 3,août,Le Rouge Chalet Morzine,1086,,,,1,
2018,Trim 3,août,Le Rouge Chalet Morzine,1139,,,,1,
2018,Trim 3,août,Le Rouge Chalet Morzine,276,,,,1,
2018,Trim 3,août,Le Rouge Chalet Morzine,463,,,,1,
2018,Trim 3,août,Le Rouge Chalet Morzine,604,,,,1,
2018,Trim 3,août,Le Rouge Chalet Morzine,781,"€ 1568,18","6,45 %",50.5865,1,"784,09 €"
2018,Trim 3,août,Le Rouge Chalet Morzine,832,"€ 1565,46","6,45 %",50.4987,1,"782,73 €"
2018,Trim 3,août,Le Rouge Chalet Morzine,844,"€ 3916,38","19,35 %",126.3348,1,"652,73 €"
2018,Trim 3,août,Le Rouge Chalet Morzine,866,,,,1,
2018,Trim 3,août,Le Rouge Chalet Morzine,904,"€ 522,73","3,23 %",16.8623,1,"522,73 €"
2018,Trim 3,août,Lovoa Apartment Morzine,385,"€ 476,36","6,45 %",15.3665,1,"158,79 €"
2018,Trim 3,août,Lovoa Apartment Morzine,652,"€ 1334,54","19,35 %",43.0497,1,"222,42 €"
2018,Trim 3,août,Lovoa Apartment Morzine,739,"€ 419,58","9,68 %",13.5348,1,"139,86 €"
2018,Trim 3,août,Lovoa Apartment Morzine,785,"€ 904,55","16,13 %",29.179,1,"180,91 €"
2018,Trim 3,août,Lovoa Apartment Morzine,846,"€ 197,09","3,23 %",6.3577,1,"197,09 €"
2018,Trim 3,août,Lovoa Apartment Morzine,870,,,,1,
2018,Trim 3,août,Lovoa Apartment Morzine,943,"€ 394,18","6,45 %",12.7155,1,"197,09 €"
2018,Trim 3,août,Meranti Apartment Morzine,1037,"€ 1303,26","22,58 %",42.0406,1,"186,18 €"
2018,Trim 3,août,Meranti Apartment Morzine,660,"€ 1560,02","19,35 %",50.3232,1,"260,00 €"
2018,Trim 3,août,Meranti Apartment Morzine,778,"€ 460,35","9,68 %",14.85,1,"153,45 €"
2018,Trim 3,août,Meranti Apartment Morzine,848,"€ 163,64","3,23 %",5.2787,1,"54,55 €"
2018,Trim 3,août,Meranti Apartment Morzine,935,"€ 163,63","3,23 %",5.2784,1,"163,63 €"
2018,Trim 3,août,Meranti Apartment Morzine,981,"€ 766,54","12,90 %",24.7271,1,"191,64 €"
2018,Trim 3,août,Moulin 1,922,"€ 144,55","3,23 %",4.6629,1,"144,55 €"
2018,Trim 3,août,Moulin 1,936,"€ 131,95","3,23 %",4.2565,1,"131,95 €"
2018,Trim 3,août,Moulin 2,1074,"€ 96,36","3,23 %",3.1084,1,"96,36 €"
2018,Trim 3,août,Moulin 2,1077,,,,1,
2018,Trim 3,août,Moulin 2,1160,,,,1,
2018,Trim 3,août,Moulin 2,929,"€ 313,17","3,23 %",10.1023,1,"313,17 €"
2018,Trim 3,août,Moulin 2,985,"€ 1790,92","12,90 %",57.7716,1,"447,73 €"
2018,Trim 3,août,Moulin 3,1090,,,,1,
2018,Trim 3,août,Moulin 3,871,"€ 2393,64","12,90 %",77.2142,1,"598,41 €"
2018,Trim 3,août,Moulin 3,933,"€ 144,55","3,23 %",4.6629,1,"144,55 €"
2018,Trim 3,août,Moulin 3,992,"€ 1740,91","9,68 %",56.1584,1,"580,30 €"
2018,Trim 3,août,Omaroo I Morzine,1034,,,,1,
2018,Trim 3,août,Omaroo I Morzine,1120,,,,1,
2018,Trim 3,août,Omaroo I Morzine,1145,"€ 1088,18","6,45 %",35.1026,1,"544,09 €"
2018,Trim 3,août,Omaroo I Morzine,178,"€ 4370,93","22,58 %",140.9977,1,"624,42 €"
2018,Trim 3,août,Omaroo I Morzine,684,"€ 1523,63","9,68 %",49.1494,1,"507,88 €"
2018,Trim 3,août,Omaroo I Morzine,716,"€ 435,45","3,23 %",14.0468,1,"39,59 €"
2018,Trim 3,août,Omaroo I Morzine,879,"€ 1305,46","6,45 %",42.1116,1,"652,73 €"
2018,Trim 3,août,Omaroo Il Morzine,1126,,,,1,
2018,Trim 3,août,Omaroo Il Morzine,643,"€ 1351,81","9,68 %",43.6068,1,"450,60 €"
2018,Trim 3,août,Omaroo Il Morzine,682,"€ 1793,63","12,90 %",57.859,1,"137,97 €"
2018,Trim 3,août,Omaroo Il Morzine,713,"€ 1794,53","16,13 %",57.8881,1,"358,91 €"
2018,Trim 3,août,Omaroo Il Morzine,725,"€ 1640,66","12,90 %",52.9245,1,"410,17 €"
2018,Trim 3,août,Omaroo Il Morzine,727,"€ 750,90","6,45 %",24.2226,1,"375,45 €"
2018,Trim 3,août,Omaroo Il Morzine,740,"€ 1581,83","12,90 %",51.0268,1,"395,46 €"
2018,Trim 3,août,Omaroo Il Morzine,895,"€ 326,36","3,23 %",10.5277,1,"326,36 €"
2018,Trim 3,août,Sugi Apartment Morzine,605,,,,1,
2018,Trim 3,août,Sugi Apartment Morzine,845,"€ 2393,72","16,13 %",77.2168,1,"478,74 €"
2018,Trim 3,août,Sugi Apartment Morzine,865,"€ 661,09","6,45 %",21.3255,1,"330,55 €"
2018,Trim 3,août,Sugi Apartment Morzine,878,"€ 2149,11","19,35 %",69.3261,1,"358,19 €"
2018,Trim 3,août,Sugi Apartment Morzine,882,"€ 859,64","6,45 %",27.7303,1,"429,82 €"
2018,Trim 3,août,Sugi Apartment Morzine,892,,,,1,
2018,Trim 3,août,Sugi Apartment Morzine,894,"€ 859,65","9,68 %",27.7306,1,"286,55 €"
2018,Trim 3,août,Sugi Apartment Morzine,956,,,,1,
2018,Trim 3,août,Takian Apartment Morzine,1026,,,,1,
2018,Trim 3,août,Takian Apartment Morzine,1049,,,,1,
2018,Trim 3,août,Takian Apartment Morzine,1144,,,,1,
2018,Trim 3,août,Takian Apartment Morzine,1152,,,,1,
2018,Trim 3,août,Takian Apartment Morzine,341,"€ 1124,55","12,90 %",36.2758,1,"281,14 €"
2018,Trim 3,août,Takian Apartment Morzine,675,"€ 1184,53","16,13 %",38.2106,1,"236,91 €"
2018,Trim 3,août,Takian Apartment Morzine,726,"€ 457,28","6,45 %",14.751,1,"228,64 €"
2018,Trim 3,août,Takian Apartment Morzine,792,"€ 1463,98","22,58 %",47.2252,1,"209,14 €"
2018,Trim 3,août,Takian Apartment Morzine,833,"€ 430,54","6,45 %",13.8884,1,"107,64 €"
2018,Trim 3,août,Takian Apartment Morzine,839,"€ 688,72","9,68 %",22.2168,1,"229,57 €"
2018,Trim 3,septembre,Agba Apartment Morzine,1254,"€ 215,45","3,33 %",7.1817,1,"215,45 €"
2018,Trim 3,septembre,Agba Apartment Morzine,1273,,,,1,
2018,Trim 3,septembre,Ayan Apartment Morzine,1294,,,,1,
2018,Trim 3,septembre,Catalpa Apartment Morzine,1163,,,,1,
2018,Trim 3,septembre,Catalpa Apartment Morzine,1264,,,,1,
2018,Trim 3,septembre,Catalpa Apartment Morzine,1281,,,,1,
2018,Trim 3,septembre,Ipê Apartment Morzine,1202,,,,1,
2018,Trim 3,septembre,Ipê Apartment Morzine,1257,,,,1,
2018,Trim 3,septembre,Ipê Apartment Morzine,1308,,,,1,
2018,Trim 3,septembre,Iroko Apartment Morzine,1019,"€ 282,18","6,67 %",9.406,1,"70,55 €"
2018,Trim 3,septembre,Iroko Apartment Morzine,1188,"€ 197,09","3,33 %",6.5697,1,"197,09 €"
2018,Trim 3,septembre,Iroko Apartment Morzine,1239,,,,1,
2018,Trim 3,septembre,Karri Apartment Morzine,1286,,,,1,
2018,Trim 3,septembre,Karri Apartment Morzine,1328,"€ 430,90","6,67 %",14.3633,1,"215,45 €"
2018,Trim 3,septembre,Kauri Apartment Morzine,1221,,,,1,
2018,Trim 3,septembre,Kauri Apartment Morzine,1274,,,,1,
2018,Trim 3,septembre,Le Rouge Chalet Morzine,1142,"€ 90,90","7,41 %",3.3667,1,"45,45 €"
2018,Trim 3,septembre,Le Rouge Chalet Morzine,1157,,,,1,
2018,Trim 3,septembre,Le Rouge Chalet Morzine,1162,,,,1,
2018,Trim 3,septembre,Le Rouge Chalet Morzine,1213,"€ 737,27","3,70 %",27.3063,1,"737,27 €"
2018,Trim 3,septembre,Le Rouge Chalet Morzine,1233,,,,1,
2018,Trim 3,septembre,Le Rouge Chalet Morzine,1268,"€ 96,36","3,70 %",3.5689,1,"96,36 €"
2018,Trim 3,septembre,Le Rouge Chalet Morzine,1271,,,,1,
2018,Trim 3,septembre,Le Rouge Chalet Morzine,463,"€ 1074,54","7,41 %",39.7978,1,"537,27 €"
2018,Trim 3,septembre,Le Rouge Chalet Morzine,953,"€ 782,73","3,70 %",28.99,1,"782,73 €"
2018,Trim 3,septembre,Lovoa Apartment Morzine,1130,"€ 578,73","10,34 %",19.9562,1,"192,91 €"
2018,Trim 3,septembre,Lovoa Apartment Morzine,1210,,,,1,
2018,Trim 3,septembre,Lovoa Apartment Morzine,1228,,,,1,
2018,Trim 3,septembre,Lovoa Apartment Morzine,1251,"€ 124,55","3,45 %",4.2948,1,"124,55 €"
2018,Trim 3,septembre,Lovoa Apartment Morzine,1263,,,,1,
2018,Trim 3,septembre,Lovoa Apartment Morzine,1276,,,,1,
2018,Trim 3,septembre,Lovoa Apartment Morzine,1297,"€ 186,36","3,45 %",6.4262,1,"186,36 €"
2018,Trim 3,septembre,Meranti Apartment Morzine,1176,,,,1,
2018,Trim 3,septembre,Meranti Apartment Morzine,1282,"€ 249,10","6,67 %",8.3033,1,"124,55 €"
2018,Trim 3,septembre,Moulin 1,1248,,,,1,
2018,Trim 3,septembre,Moulin 1,1326,,,,1,
2018,Trim 3,septembre,Moulin 2,1199,,,,1,
2018,Trim 3,septembre,Moulin 2,1240,,,,1,
2018,Trim 3,septembre,Moulin 2,1296,"€ 96,36","3,33 %",3.212,1,"96,36 €"
2018,Trim 3,septembre,Moulin 3,1201,,,,1,
2018,Trim 3,septembre,Moulin 3,1275,"€ 96,36","3,33 %",3.212,1,"96,36 €"
2018,Trim 3,septembre,Omaroo I Morzine,1168,"€ 4227,26","39,29 %",150.9736,1,"384,30 €"
2018,Trim 3,septembre,Omaroo I Morzine,1177,,,,1,
2018,Trim 3,septembre,Omaroo I Morzine,1252,"€ 491,82","3,57 %",17.565,1,"491,82 €"
2018,Trim 3,septembre,Omaroo I Morzine,1315,,,,1,
2018,Trim 3,septembre,Omaroo I Morzine,1317,"€ 369,09","3,57 %",13.1818,1,"369,09 €"
2018,Trim 3,septembre,Omaroo I Morzine,752,,,,1,
2018,Trim 3,septembre,Omaroo Il Morzine,1021,"€ 489,09","3,45 %",16.8652,1,"489,09 €"
2018,Trim 3,septembre,Omaroo Il Morzine,1149,"€ 1794,55","17,24 %",61.881,1,"358,91 €"
2018,Trim 3,septembre,Omaroo Il Morzine,1186,,,,1,
2018,Trim 3,septembre,Omaroo Il Morzine,1190,,,,1,
2018,Trim 3,septembre,Omaroo Il Morzine,1191,,,,1,
2018,Trim 3,septembre,Omaroo Il Morzine,1218,"€ 246,36","3,45 %",8.4952,1,"82,12 €"
2018,Trim 3,septembre,Omaroo Il Morzine,1226,"€ 489,09","3,45 %",16.8652,1,"489,09 €"
2018,Trim 3,septembre,Omaroo Il Morzine,1259,"€ 615,46","6,90 %",21.2228,1,"307,73 €"
2018,Trim 3,septembre,Omaroo Il Morzine,1332,,,,1,
2018,Trim 3,septembre,Sugi Apartment Morzine,1192,,,,1,
2018,Trim 3,septembre,Sugi Apartment Morzine,1272,,,,1,
2018,Trim 3,septembre,Sugi Apartment Morzine,892,"€ 1484,56","13,33 %",49.4853,1,"371,14 €"
2018,Trim 3,septembre,Takian Apartment Morzine,1049,"€ 325,46","6,67 %",10.8487,1,"162,73 €"
2018,Trim 3,septembre,Takian Apartment Morzine,1171,,,,1,
2018,Trim 3,septembre,Takian Apartment Morzine,1183,,,,1,
2018,Trim 3,septembre,Takian Apartment Morzine,1298,,,,1,
2018,Trim 3,septembre,Takian Apartment Morzine,1336,,,,1,
2018,Trim 4,octobre,Agba Apartment Morzine,1417,,,,1,
2018,Trim 4,octobre,Agba Apartment Morzine,1427,,,,1,
2018,Trim 4,octobre,Agba Apartment Morzine,1533,,,,1,
2018,Trim 4,octobre,Agba Apartment Morzine,1561,,,,1,
2018,Trim 4,octobre,Ayan Apartment Morzine,1294,,,,1,
2018,Trim 4,octobre,Ayan Apartment Morzine,1356,,,,1,
2018,Trim 4,octobre,Catalpa Apartment Morzine,1358,,,,1,
2018,Trim 4,octobre,Catalpa Apartment Morzine,1408,,,,1,
2018,Trim 4,octobre,Catalpa Apartment Morzine,1481,,,,1,
2018,Trim 4,octobre,Ipê Apartment Morzine,1351,,,,1,
2018,Trim 4,octobre,Ipê Apartment Morzine,1382,,,,1,
2018,Trim 4,octobre,Ipê Apartment Morzine,1402,,,,1,
2018,Trim 4,octobre,Ipê Apartment Morzine,1508,,,,1,
2018,Trim 4,octobre,Iroko Apartment Morzine,1019,"€ 282,18","7,41 %",10.4511,1,"70,55 €"
2018,Trim 4,octobre,Iroko Apartment Morzine,1353,,,,1,
2018,Trim 4,octobre,Iroko Apartment Morzine,1394,,,,1,
2018,Trim 4,octobre,Iroko Apartment Morzine,1405,,,,1,
2018,Trim 4,octobre,Iroko Apartment Morzine,1505,,,,1,
2018,Trim 4,octobre,Karri Apartment Morzine,1355,,,,1,
2018,Trim 4,octobre,Karri Apartment Morzine,1399,,,,1,
2018,Trim 4,octobre,Karri Apartment Morzine,1515,"€ 215,45","3,57 %",7.6946,1,"215,45 €"
2018,Trim 4,octobre,Karri Apartment Morzine,1523,,,,1,
2018,Trim 4,octobre,Kauri Apartment Morzine,1274,,,,1,
2018,Trim 4,octobre,Kauri Apartment Morzine,1357,,,,1,
2018,Trim 4,octobre,Kauri Apartment Morzine,1500,,,,1,
2018,Trim 4,octobre,Kauri Apartment Morzine,1526,,,,1,
2018,Trim 4,octobre,Kauri Apartment Morzine,1559,,,,1,
2018,Trim 4,octobre,Le Rouge Chalet Morzine,1139,"€ 1180,00","7,41 %",43.7037,1,"590,00 €"
2018,Trim 4,octobre,Le Rouge Chalet Morzine,1162,"€ 1180,00","7,41 %",43.7037,1,"590,00 €"
2018,Trim 4,octobre,Le Rouge Chalet Morzine,1173,"€ 1180,00","7,41 %",43.7037,1,"590,00 €"
2018,Trim 4,octobre,Le Rouge Chalet Morzine,1271,,,,1,
2018,Trim 4,octobre,Le Rouge Chalet Morzine,1391,,,,1,
2018,Trim 4,octobre,Le Rouge Chalet Morzine,1460,,,,1,
2018,Trim 4,octobre,Le Rouge Chalet Morzine,1540,,,,1,
2018,Trim 4,octobre,Le Rouge Chalet Morzine,604,"€ 1114,54","7,41 %",41.2793,1,"557,27 €"
2018,Trim 4,octobre,Lovoa Apartment Morzine,1366,,,,1,
2018,Trim 4,octobre,Lovoa Apartment Morzine,1485,"€ 684,56","18,52 %",25.3541,1,"136,91 €"
2018,Trim 4,octobre,Lovoa Apartment Morzine,1519,"€ 158,41","3,70 %",5.867,1,"158,41 €"
2018,Trim 4,octobre,Lovoa Apartment Morzine,1525,,,,1,
2018,Trim 4,octobre,Meranti Apartment Morzine,1358,,,,1,
2018,Trim 4,octobre,Meranti Apartment Morzine,1407,,,,1,
2018,Trim 4,octobre,Meranti Apartment Morzine,1409,,,,1,
2018,Trim 4,octobre,Meranti Apartment Morzine,1552,,,,1,
2018,Trim 4,octobre,Moulin 1,1327,,,,1,
2018,Trim 4,octobre,Moulin 1,1384,,,,1,
2018,Trim 4,octobre,Moulin 1,1404,,,,1,
2018,Trim 4,octobre,Moulin 1,1459,,,,1,
2018,Trim 4,octobre,Moulin 2,1520,,,,1,
2018,Trim 4,octobre,Moulin 3,1241,,,,1,
2018,Trim 4,octobre,Moulin 3,1261,"€ 328,18","3,57 %",11.7207,1,"328,18 €"
2018,Trim 4,octobre,Moulin 3,1499,,,,1,
2018,Trim 4,octobre,Omaroo I Morzine,1034,,,,1,
2018,Trim 4,octobre,Omaroo I Morzine,1120,,,,1,
2018,Trim 4,octobre,Omaroo I Morzine,1177,"€ 1131,18","7,14 %",40.3993,1,"565,59 €"
2018,Trim 4,octobre,Omaroo I Morzine,1422,,,,1,
2018,Trim 4,octobre,Omaroo I Morzine,1541,,,,1,
2018,Trim 4,octobre,Omaroo I Morzine,1560,,,,1,
2018,Trim 4,octobre,Omaroo Il Morzine,1186,"€ 739,08","12,50 %",30.795,1,"246,36 €"
2018,Trim 4,octobre,Omaroo Il Morzine,1218,"€ 492,72","8,33 %",20.53,1,"164,24 €"
2018,Trim 4,octobre,Omaroo Il Morzine,1424,,,,1,
2018,Trim 4,octobre,Omaroo Il Morzine,1430,,,,1,
2018,Trim 4,octobre,Omaroo Il Morzine,1542,,,,1,
2018,Trim 4,octobre,Sugi Apartment Morzine,1337,,,,1,
2018,Trim 4,octobre,Sugi Apartment Morzine,1393,,,,1,
2018,Trim 4,octobre,Sugi Apartment Morzine,1425,,,,1,
2018,Trim 4,octobre,Sugi Apartment Morzine,605,"€ 703,64","7,14 %",25.13,1,"351,82 €"
2018,Trim 4,octobre,Sugi Apartment Morzine,892,,"0,00 %",,1,
2018,Trim 4,octobre,Takian Apartment Morzine,1336,"€ 243,64","3,57 %",8.7014,1,"243,64 €"
2018,Trim 4,octobre,Takian Apartment Morzine,1385,,,,1,
2018,Trim 4,octobre,Takian Apartment Morzine,1450,"€ 529,08","10,71 %",18.8957,1,"176,36 €"
2018,Trim 4,novembre,Abachi,1641,,,,1,
2018,Trim 4,novembre,Abachi,1679,,,,1,
2018,Trim 4,novembre,Abachi,1685,,,,1,
2018,Trim 4,novembre,Agba Apartment Morzine,1684,,,,1,
2018,Trim 4,novembre,Ipê Apartment Morzine,1636,,,,1,
2018,Trim 4,novembre,Iroko Apartment Morzine,1581,,,,1,
2018,Trim 4,novembre,Iroko Apartment Morzine,1643,,,,1,
2018,Trim 4,novembre,Karri Apartment Morzine,1580,,,,1,
2018,Trim 4,novembre,Karri Apartment Morzine,1655,,,,1,
2018,Trim 4,novembre,Le Rouge Chalet Morzine,1598,,,,1,
2018,Trim 4,novembre,Le Rouge Chalet Morzine,1723,,,,1,
2018,Trim 4,novembre,Lovoa Apartment Morzine,1577,,,,1,
2018,Trim 4,novembre,Moulin 1,1326,,,,1,
2018,Trim 4,novembre,Moulin 1,1583,,,,1,
2018,Trim 4,novembre,Moulin 1,1688,,,,1,
2018,Trim 4,novembre,Moulin 2,1524,,,,1,
2018,Trim 4,novembre,Moulin 2,1659,,,,1,
2018,Trim 4,novembre,Moulin 2,1687,,,,1,
2018,Trim 4,novembre,Moulin 3,1201,,,,1,
2018,Trim 4,novembre,Moulin 3,1686,,,,1,
2018,Trim 4,novembre,Moulin 3,1717,,,,1,
2018,Trim 4,novembre,Omaroo I Morzine,1571,,,,1,
2018,Trim 4,novembre,Omaroo I Morzine,1597,,,,1,
2018,Trim 4,novembre,Omaroo I Morzine,1599,,,,1,
2018,Trim 4,novembre,Omaroo I Morzine,1625,,,,1,
2018,Trim 4,novembre,Omaroo Il Morzine,1590,,,,1,
2018,Trim 4,novembre,Omaroo Il Morzine,1603,,,,1,
2018,Trim 4,novembre,Omaroo Il Morzine,1621,,,,1,
2018,Trim 4,novembre,Sugi Apartment Morzine,1594,,,,1,
2018,Trim 4,novembre,Takian Apartment Morzine,1564,,,,1,
2018,Trim 4,novembre,Takian Apartment Morzine,1612,,,,1,
2018,Trim 4,décembre,Agba Apartment Morzine,1230,"€ 389,58","18,75 %",24.3488,1,"55,65 €"
2018,Trim 4,décembre,Agba Apartment Morzine,1609,"€ 1232,72","12,50 %",77.045,1,"616,36 €"
2018,Trim 4,décembre,Ayan Apartment Morzine,1237,"€ 3003,64","25,00 %",187.7275,1,"750,91 €"
2018,Trim 4,décembre,Ayan Apartment Morzine,1742,,,,1,
2018,Trim 4,décembre,Ayan Apartment Morzine,1838,,,,1,
2018,Trim 4,décembre,Ayan Apartment Morzine,1855,,,,1,
2018,Trim 4,décembre,Ayan Apartment Morzine,1865,,,,1,
2018,Trim 4,décembre,Ayan Apartment Morzine,1898,"€ 2465,44","25,00 %",154.09,1,"616,36 €"
2018,Trim 4,décembre,Catalpa Apartment Morzine,1163,"€ 1814,56","25,00 %",113.41,1,"362,91 €"
2018,Trim 4,décembre,Catalpa Apartment Morzine,1408,,,,1,
2018,Trim 4,décembre,Catalpa Apartment Morzine,1739,,,,1,
2018,Trim 4,décembre,Catalpa Apartment Morzine,1840,,,,1,
2018,Trim 4,décembre,Ipê Apartment Morzine,1351,"€ 2302,74","31,25 %",143.9213,1,"460,55 €"
2018,Trim 4,décembre,Ipê Apartment Morzine,1508,,,,1,
2018,Trim 4,décembre,Ipê Apartment Morzine,1995,"€ 1018,18","12,50 %",63.6363,1,"509,09 €"
2018,Trim 4,décembre,Ipê Apartment Morzine,2024,,,,1,
2018,Trim 4,décembre,Ipê Apartment Morzine,686,"€ 1450,92","18,75 %",90.6825,1,"207,27 €"
2018,Trim 4,décembre,Iroko Apartment Morzine,1239,"€ 1950,00","31,25 %",121.875,1,"390,00 €"
2018,Trim 4,décembre,Iroko Apartment Morzine,1737,"€ 690,90","18,75 %",43.1813,1,"230,30 €"
2018,Trim 4,décembre,Iroko Apartment Morzine,1738,"€ 780,00","12,50 %",48.75,1,"390,00 €"
2018,Trim 4,décembre,Iroko Apartment Morzine,1838,,,,1,
2018,Trim 4,décembre,Iroko Apartment Morzine,902,"€ 780,00","12,50 %",48.75,1,"130,00 €"
2018,Trim 4,décembre,Karri Apartment Morzine,1113,"€ 1565,04","18,75 %",97.815,1,"521,68 €"
2018,Trim 4,décembre,Karri Apartment Morzine,1262,"€ 405,97","6,25 %",25.3731,1,"58,00 €"
2018,Trim 4,décembre,Karri Apartment Morzine,1837,,,,1,
2018,Trim 4,décembre,Karri Apartment Morzine,1853,,,,1,
2018,Trim 4,décembre,Karri Apartment Morzine,2048,,,,1,
2018,Trim 4,décembre,Kauri Apartment Morzine,1221,"€ 2738,20","25,00 %",171.1375,1,"684,55 €"
2018,Trim 4,décembre,Kauri Apartment Morzine,1411,"€ 1325,46","12,50 %",82.8413,1,"331,37 €"
2018,Trim 4,décembre,Kauri Apartment Morzine,1735,,,,1,
2018,Trim 4,décembre,Le Rouge Chalet Morzine,1244,"€ 4949,08","13,79 %",170.6579,1,"1237,27 €"
2018,Trim 4,décembre,Le Rouge Chalet Morzine,1540,,,,1,
2018,Trim 4,décembre,Le Rouge Chalet Morzine,1598,"€ 1252,72","6,90 %",43.1972,1,"626,36 €"
2018,Trim 4,décembre,Le Rouge Chalet Morzine,1708,"€ 941,00","6,90 %",32.4483,1,"470,50 €"
2018,Trim 4,décembre,Le Rouge Chalet Morzine,1736,,,,1,
2018,Trim 4,décembre,Le Rouge Chalet Morzine,1854,,,,1,
2018,Trim 4,décembre,Le Rouge Chalet Morzine,276,,,,1,
2018,Trim 4,décembre,Le Rouge Chalet Morzine,788,"€ 7423,62","20,69 %",255.9869,1,"1060,52 €"
2018,Trim 4,décembre,Lovoa Apartment Morzine,1228,"€ 1560,00","25,00 %",97.5,1,"390,00 €"
2018,Trim 4,décembre,Lovoa Apartment Morzine,1276,"€ 1560,00","25,00 %",97.5,1,"390,00 €"
2018,Trim 4,décembre,Lovoa Apartment Morzine,1806,,,,1,
2018,Trim 4,décembre,Lovoa Apartment Morzine,1839,,,,1,
2018,Trim 4,décembre,Lovoa Apartment Morzine,1852,,,,1,
2018,Trim 4,décembre,Lovoa Apartment Morzine,2022,"€ 781,82","12,50 %",48.8638,1,"390,91 €"
2018,Trim 4,décembre,Meranti Apartment Morzine,1176,"€ 1814,56","25,00 %",113.41,1,"453,64 €"
2018,Trim 4,décembre,Meranti Apartment Morzine,1407,,,,1,
2018,Trim 4,décembre,Meranti Apartment Morzine,1734,,,,1,
2018,Trim 4,décembre,Meranti Apartment Morzine,1748,"€ 772,72","12,50 %",48.295,1,"386,36 €"
2018,Trim 4,décembre,Meranti Apartment Morzine,1799,,,,1,
2018,Trim 4,décembre,Meranti Apartment Morzine,1840,,,,1,
2018,Trim 4,décembre,Meranti Apartment Morzine,1867,,,,1,
2018,Trim 4,décembre,Meranti Apartment Morzine,1884,"€ 729,10","12,50 %",45.5688,1,"364,55 €"
2018,Trim 4,décembre,Meranti Apartment Morzine,1896,,,,1,
2018,Trim 4,décembre,Meranti Apartment Morzine,2031,,,,1,
2018,Trim 4,décembre,Moulin 1,1326,"€ 1031,65","3,45 %",35.5741,1,"257,91 €"
2018,Trim 4,décembre,Moulin 1,1404,"€ 5255,58","20,69 %",181.2269,1,"875,93 €"
2018,Trim 4,décembre,Moulin 2,1160,"€ 2919,75","10,34 %",100.681,1,"729,94 €"
2018,Trim 4,décembre,Moulin 2,1520,"€ 2631,81","10,34 %",90.7521,1,"877,27 €"
2018,Trim 4,décembre,Moulin 2,1920,"€ 2631,81","10,34 %",90.7521,1,"877,27 €"
2018,Trim 4,décembre,Moulin 3,1090,"€ 2063,64","6,90 %",71.16,1,"294,81 €"
2018,Trim 4,décembre,Moulin 3,1201,"€ 6190,92","20,69 %",213.48,1,"1031,82 €"
2018,Trim 4,décembre,Moulin 3,1868,,,,1,
2018,Trim 4,décembre,Moulin 3,1923,,,,1,
2018,Trim 4,décembre,Moulin 3,1942,,,,1,
2018,Trim 4,décembre,Omaroo I Morzine,1597,"€ 2352,74","13,79 %",81.129,1,"588,19 €"
2018,Trim 4,décembre,Omaroo I Morzine,1599,"€ 1045,46","6,90 %",36.0503,1,"522,73 €"
2018,Trim 4,décembre,Omaroo I Morzine,1829,,,,1,
2018,Trim 4,décembre,Omaroo I Morzine,1925,,,,1,
2018,Trim 4,décembre,Omaroo I Morzine,752,"€ 8759,25","31,03 %",302.0431,1,"875,93 €"
2018,Trim 4,décembre,Omaroo Il Morzine,1603,"€ 999,46","6,90 %",34.4641,1,"499,73 €"
2018,Trim 4,décembre,Omaroo Il Morzine,674,"€ 5050,88","24,14 %",174.1683,1,"721,55 €"
2018,Trim 4,décembre,Omaroo Il Morzine,802,"€ 3098,20","13,79 %",106.8345,1,"774,55 €"
2018,Trim 4,décembre,Sugi Apartment Morzine,1178,"€ 4250,00","31,25 %",265.625,1,"850,00 €"
2018,Trim 4,décembre,Sugi Apartment Morzine,1192,"€ 1700,00","12,50 %",106.25,1,"850,00 €"
2018,Trim 4,décembre,Sugi Apartment Morzine,1337,"€ 2550,00","18,75 %",159.375,1,"850,00 €"
2018,Trim 4,décembre,Sugi Apartment Morzine,1839,,,,1,
2018,Trim 4,décembre,Sugi Apartment Morzine,1849,,,,1,
2018,Trim 4,décembre,Sugi Apartment Morzine,1941,,,,1,
2018,Trim 4,décembre,Takian Apartment Morzine,1026,,,,1,
2018,Trim 4,décembre,Takian Apartment Morzine,1171,"€ 3070,92","37,50 %",191.9325,1,"438,70 €"
2018,Trim 4,décembre,Takian Apartment Morzine,1972,,,,1,
2018,Trim 4,décembre,Takian Apartment Morzine,755,,,,1,
2019,Trim 1,janvier,Abachi,1641,"€ 4301,82","9,68 %",138.7684,1,"1433,94 €"
2019,Trim 1,janvier,Abachi,1679,"€ 2790,90","6,45 %",90.029,1,"1395,45 €"
2019,Trim 1,janvier,Abachi,1690,"€ 2000,00","6,45 %",64.5161,1,"1000,00 €"
2019,Trim 1,janvier,Abachi,2272,,,,1,
2019,Trim 1,janvier,Agba Apartment Morzine,1102,"€ 1614,90","9,68 %",52.0935,1,"538,30 €"
2019,Trim 1,janvier,Agba Apartment Morzine,1230,"€ 519,44","12,90 %",16.7561,1,"74,21 €"
2019,Trim 1,janvier,Agba Apartment Morzine,1273,"€ 538,30","3,23 %",17.3645,1,"179,43 €"
2019,Trim 1,janvier,Agba Apartment Morzine,1417,,,,1,
2019,Trim 1,janvier,Agba Apartment Morzine,1533,,,,1,
2019,Trim 1,janvier,Agba Apartment Morzine,2286,"€ 973,80","12,90 %",31.4129,1,"243,45 €"
2019,Trim 1,janvier,Agba Apartment Morzine,745,"€ 1712,73","9,68 %",55.2494,1,"570,91 €"
2019,Trim 1,janvier,Ayan Apartment Morzine,1294,"€ 791,01","6,67 %",26.367,1,"197,75 €"
2019,Trim 1,janvier,Ayan Apartment Morzine,1426,"€ 2012,72","13,33 %",67.0907,1,"503,18 €"
2019,Trim 1,janvier,Ayan Apartment Morzine,1742,"€ 3801,82","20,00 %",126.7273,1,"633,64 €"
2019,Trim 1,janvier,Ayan Apartment Morzine,2213,,,,1,
2019,Trim 1,janvier,Ayan Apartment Morzine,744,"€ 1712,73","10,00 %",57.091,1,"570,91 €"
2019,Trim 1,janvier,Catalpa Apartment Morzine,1163,"€ 453,64","3,23 %",14.6335,1,"90,73 €"
2019,Trim 1,janvier,Catalpa Apartment Morzine,1281,"€ 1260,91","16,13 %",40.6745,1,"252,18 €"
2019,Trim 1,janvier,Catalpa Apartment Morzine,1335,"€ 1031,80","12,90 %",33.2839,1,"257,95 €"
2019,Trim 1,janvier,Catalpa Apartment Morzine,1408,"€ 1193,44","12,90 %",38.4981,1,"298,36 €"
2019,Trim 1,janvier,Catalpa Apartment Morzine,1654,"€ 1360,92","9,68 %",43.9006,1,"453,64 €"
2019,Trim 1,janvier,Ipê Apartment Morzine,1202,"€ 736,36","6,45 %",23.7535,1,"368,18 €"
2019,Trim 1,janvier,Ipê Apartment Morzine,1308,"€ 980,91","9,68 %",31.6423,1,"326,97 €"
2019,Trim 1,janvier,Ipê Apartment Morzine,1508,"€ 1090,81","12,90 %",35.1874,1,"272,70 €"
2019,Trim 1,janvier,Ipê Apartment Morzine,2143,"€ 1290,90","12,90 %",41.6419,1,"322,73 €"
2019,Trim 1,janvier,Ipê Apartment Morzine,2156,,,,1,
2019,Trim 1,janvier,Ipê Apartment Morzine,686,"€ 1934,56","12,90 %",62.4052,1,"276,37 €"
2019,Trim 1,janvier,Iroko Apartment Morzine,1028,"€ 1086,35","12,90 %",35.0435,1,"271,59 €"
2019,Trim 1,janvier,Iroko Apartment Morzine,1353,"€ 789,99","9,68 %",25.4835,1,"263,33 €"
2019,Trim 1,janvier,Iroko Apartment Morzine,1394,,,,1,
2019,Trim 1,janvier,Iroko Apartment Morzine,1405,"€ 493,63","6,45 %",15.9235,1,"123,41 €"
2019,Trim 1,janvier,Iroko Apartment Morzine,737,"€ 1086,35","12,90 %",35.0435,1,"271,59 €"
2019,Trim 1,janvier,Iroko Apartment Morzine,738,"€ 888,17","12,90 %",28.6506,1,"222,04 €"
2019,Trim 1,janvier,Iroko Apartment Morzine,902,"€ 1560,00","12,90 %",50.3226,1,"260,00 €"
2019,Trim 1,janvier,Karri Apartment Morzine,1262,"€ 2435,83","19,35 %",78.5752,1,"347,98 €"
2019,Trim 1,janvier,Karri Apartment Morzine,1286,"€ 918,19","9,68 %",29.619,1,"306,06 €"
2019,Trim 1,janvier,Karri Apartment Morzine,1399,"€ 1376,37","16,13 %",44.399,1,"275,27 €"
2019,Trim 1,janvier,Karri Apartment Morzine,1578,"€ 890,91","12,90 %",28.739,1,"222,73 €"
2019,Trim 1,janvier,Karri Apartment Morzine,1712,"€ 380,91","3,23 %",12.2874,1,"126,97 €"
2019,Trim 1,janvier,Karri Apartment Morzine,2307,,,,1,
2019,Trim 1,janvier,Karri Apartment Morzine,767,"€ 1033,64","9,68 %",33.3432,1,"344,55 €"
2019,Trim 1,janvier,Kauri Apartment Morzine,1274,"€ 509,09","3,23 %",16.4223,1,"169,70 €"
2019,Trim 1,janvier,Kauri Apartment Morzine,1411,"€ 1325,46","6,45 %",42.7568,1,"331,37 €"
2019,Trim 1,janvier,Kauri Apartment Morzine,1500,,,,1,
2019,Trim 1,janvier,Kauri Apartment Morzine,1735,"€ 1341,80","12,90 %",43.2839,1,"335,45 €"
2019,Trim 1,janvier,Kauri Apartment Morzine,2162,,,,1,
2019,Trim 1,janvier,Kauri Apartment Morzine,2251,,,,1,
2019,Trim 1,janvier,Kauri Apartment Morzine,688,"€ 2079,08","16,13 %",67.0671,1,"415,82 €"
2019,Trim 1,janvier,Kauri Apartment Morzine,698,"€ 1889,10","9,68 %",60.9387,1,"629,70 €"
2019,Trim 1,janvier,Kauri Apartment Morzine,955,"€ 1559,88","9,68 %",50.3187,1,"519,96 €"
2019,Trim 1,janvier,Le Rouge Chalet Morzine,1079,"€ 2510,00","9,68 %",80.9677,1,"836,67 €"
2019,Trim 1,janvier,Le Rouge Chalet Morzine,1086,"€ 3416,36","9,68 %",110.2052,1,"1138,79 €"
2019,Trim 1,janvier,Le Rouge Chalet Morzine,1271,"€ 1304,06","6,45 %",42.0665,1,"326,02 €"
2019,Trim 1,janvier,Le Rouge Chalet Morzine,1540,"€ 3090,89","16,13 %",99.7061,1,"618,18 €"
2019,Trim 1,janvier,Le Rouge Chalet Morzine,1862,,,,1,
2019,Trim 1,janvier,Le Rouge Chalet Morzine,2290,,,,1,
2019,Trim 1,janvier,Le Rouge Chalet Morzine,2316,"€ 1430,90","6,45 %",46.1581,1,"715,45 €"
2019,Trim 1,janvier,Le Rouge Chalet Morzine,276,"€ 2871,81","9,68 %",92.639,1,"957,27 €"
2019,Trim 1,janvier,Le Rouge Chalet Morzine,788,"€ 1237,27","3,23 %",39.9119,1,"176,75 €"
2019,Trim 1,janvier,Le Rouge Chalet Morzine,866,"€ 1882,00","6,45 %",60.7097,1,"941,00 €"
2019,Trim 1,janvier,Lovoa Apartment Morzine,1210,"€ 1086,35","13,33 %",36.2117,1,"271,59 €"
2019,Trim 1,janvier,Lovoa Apartment Morzine,1366,"€ 1086,35","13,33 %",36.2117,1,"271,59 €"
2019,Trim 1,janvier,Lovoa Apartment Morzine,2019,"€ 594,54","10,00 %",19.818,1,"198,18 €"
2019,Trim 1,janvier,Lovoa Apartment Morzine,2022,,"0,00 %",,1,
2019,Trim 1,janvier,Lovoa Apartment Morzine,2412,,,,1,
2019,Trim 1,janvier,Lovoa Apartment Morzine,661,"€ 1181,37","13,33 %",39.379,1,"295,34 €"
2019,Trim 1,janvier,Lovoa Apartment Morzine,840,"€ 1856,36","16,67 %",61.8787,1,"371,27 €"
2019,Trim 1,janvier,Lovoa Apartment Morzine,870,"€ 889,08","10,00 %",29.636,1,"296,36 €"
2019,Trim 1,janvier,Meranti Apartment Morzine,1176,,"0,00 %",,1,
2019,Trim 1,janvier,Meranti Apartment Morzine,1407,"€ 1193,44","12,90 %",38.4981,1,"298,36 €"
2019,Trim 1,janvier,Meranti Apartment Morzine,1409,,,,1,
2019,Trim 1,janvier,Meranti Apartment Morzine,1431,"€ 789,07","12,90 %",25.4539,1,"197,27 €"
2019,Trim 1,janvier,Meranti Apartment Morzine,1552,,,,1,
2019,Trim 1,janvier,Meranti Apartment Morzine,1896,"€ 916,36","12,90 %",29.56,1,"229,09 €"
2019,Trim 1,janvier,Meranti Apartment Morzine,2031,"€ 653,28","9,68 %",21.0735,1,"217,76 €"
2019,Trim 1,janvier,Meranti Apartment Morzine,659,"€ 378,18","3,23 %",12.1994,1,"189,09 €"
2019,Trim 1,janvier,Meranti Apartment Morzine,779,"€ 1705,47","12,90 %",55.0152,1,"426,37 €"
2019,Trim 1,janvier,Meranti Apartment Morzine,962,"€ 1033,65","9,68 %",33.3435,1,"344,55 €"
2019,Trim 1,janvier,Moulin 1,1326,"€ 3094,95","10,34 %",106.7224,1,"773,74 €"
2019,Trim 1,janvier,Moulin 1,1459,"€ 1816,37","6,90 %",62.6334,1,"908,19 €"
2019,Trim 1,janvier,Moulin 1,1622,"€ 1454,54","6,90 %",50.1566,1,"727,27 €"
2019,Trim 1,janvier,Moulin 1,1646,"€ 1454,54","6,90 %",50.1566,1,"727,27 €"
2019,Trim 1,janvier,Moulin 1,1688,"€ 2178,19","13,79 %",75.11,1,"544,55 €"
2019,Trim 1,janvier,Moulin 1,2078,"€ 688,23","3,45 %",23.7321,1,"344,12 €"
2019,Trim 1,janvier,Moulin 2,1077,"€ 3880,01","13,79 %",133.7934,1,"970,00 €"
2019,Trim 1,janvier,Moulin 2,1160,"€ 973,25","3,45 %",33.5603,1,"243,31 €"
2019,Trim 1,janvier,Moulin 2,1240,"€ 1972,94","10,34 %",68.0324,1,"657,65 €"
2019,Trim 1,janvier,Moulin 2,1524,"€ 2661,80","17,24 %",91.7862,1,"532,36 €"
2019,Trim 1,janvier,Moulin 2,1687,"€ 1938,18","10,34 %",66.8338,1,"646,06 €"
2019,Trim 1,janvier,Moulin 2,2073,"€ 2917,25","17,24 %",100.5948,1,"583,45 €"
2019,Trim 1,janvier,Moulin 2,2079,,,,1,
2019,Trim 1,janvier,Moulin 2,2139,,,,1,
2019,Trim 1,janvier,Moulin 2,2231,,,,1,
2019,Trim 1,janvier,Moulin 3,1090,"€ 4911,83","17,24 %",169.3734,1,"701,69 €"
2019,Trim 1,janvier,Moulin 3,1241,"€ 1972,94","10,34 %",68.0324,1,"657,65 €"
2019,Trim 1,janvier,Moulin 3,1499,"€ 1569,10","6,90 %",54.1069,1,"784,55 €"
2019,Trim 1,janvier,Moulin 3,1666,"€ 1593,64","10,34 %",54.9531,1,"531,21 €"
2019,Trim 1,janvier,Moulin 3,1686,"€ 1938,18","10,34 %",66.8338,1,"646,06 €"
2019,Trim 1,janvier,Moulin 3,2191,"€ 655,45","3,45 %",22.6017,1,"218,48 €"
2019,Trim 1,janvier,Omaroo I Morzine,1034,"€ 3105,76","20,00 %",103.5253,1,"443,68 €"
2019,Trim 1,janvier,Omaroo I Morzine,1422,"€ 4402,74","16,67 %",146.758,1,"880,55 €"
2019,Trim 1,janvier,Omaroo I Morzine,1541,"€ 1480,30","6,67 %",49.3433,1,"740,15 €"
2019,Trim 1,janvier,Omaroo I Morzine,1925,"€ 1576,35","10,00 %",52.545,1,"525,45 €"
2019,Trim 1,janvier,Omaroo I Morzine,2252,,,,1,
2019,Trim 1,janvier,Omaroo I Morzine,2322,"€ 1574,54","6,67 %",52.4847,1,"787,27 €"
2019,Trim 1,janvier,Omaroo I Morzine,621,"€ 3392,71","13,33 %",113.0903,1,"848,18 €"
2019,Trim 1,janvier,Omaroo I Morzine,752,"€ 973,25","3,33 %",32.4417,1,"97,33 €"
2019,Trim 1,janvier,Omaroo Il Morzine,1190,"€ 2956,13","19,35 %",95.359,1,"492,69 €"
2019,Trim 1,janvier,Omaroo Il Morzine,1191,"€ 2323,65","9,68 %",74.9565,1,"774,55 €"
2019,Trim 1,janvier,Omaroo Il Morzine,1542,"€ 1232,00","6,45 %",39.7419,1,"616,00 €"
2019,Trim 1,janvier,Omaroo Il Morzine,1590,"€ 869,10","6,45 %",28.0355,1,"434,55 €"
2019,Trim 1,janvier,Omaroo Il Morzine,2369,,,,1,
2019,Trim 1,janvier,Omaroo Il Morzine,623,"€ 2083,65","9,68 %",67.2145,1,"694,55 €"
2019,Trim 1,janvier,Omaroo Il Morzine,802,,"0,00 %",,1,
2019,Trim 1,janvier,Omaroo Il Morzine,868,"€ 2550,90","16,13 %",82.2871,1,"510,18 €"
2019,Trim 1,janvier,Sugi Apartment Morzine,1192,,"0,00 %",,1,
2019,Trim 1,janvier,Sugi Apartment Morzine,1272,"€ 609,93","3,23 %",19.6752,1,"203,31 €"
2019,Trim 1,janvier,Sugi Apartment Morzine,1371,"€ 4046,35","16,13 %",130.5274,1,"809,27 €"
2019,Trim 1,janvier,Sugi Apartment Morzine,1926,"€ 1625,44","12,90 %",52.4335,1,"406,36 €"
2019,Trim 1,janvier,Sugi Apartment Morzine,1941,"€ 1219,08","9,68 %",39.3252,1,"406,36 €"
2019,Trim 1,janvier,Sugi Apartment Morzine,2056,,,,1,
2019,Trim 1,janvier,Sugi Apartment Morzine,2181,,,,1,
2019,Trim 1,janvier,Sugi Apartment Morzine,404,"€ 945,46","6,45 %",30.4987,1,"472,73 €"
2019,Trim 1,janvier,Sugi Apartment Morzine,689,"€ 2585,45","16,13 %",83.4016,1,"517,09 €"
2019,Trim 1,janvier,Sugi Apartment Morzine,956,"€ 1939,08","9,68 %",62.551,1,"646,36 €"
2019,Trim 1,janvier,Takian Apartment Morzine,1026,"€ 1344,54","12,90 %",43.3723,1,"336,14 €"
2019,Trim 1,janvier,Takian Apartment Morzine,1152,"€ 647,27","6,45 %",20.8797,1,"161,82 €"
2019,Trim 1,janvier,Takian Apartment Morzine,1171,"€ 511,82","3,23 %",16.5103,1,"73,12 €"
2019,Trim 1,janvier,Takian Apartment Morzine,1345,"€ 1694,60","16,13 %",54.6645,1,"338,92 €"
2019,Trim 1,janvier,Takian Apartment Morzine,1383,"€ 1165,44","12,90 %",37.5948,1,"291,36 €"
2019,Trim 1,janvier,Takian Apartment Morzine,2218,,,,1,
2019,Trim 1,janvier,Takian Apartment Morzine,2308,,,,1,
2019,Trim 1,janvier,Takian Apartment Morzine,2335,,,,1,
2019,Trim 1,janvier,Takian Apartment Morzine,755,"€ 2212,18","12,90 %",71.3606,1,"553,05 €"
2019,Trim 1,janvier,Takian Apartment Morzine,771,"€ 1553,65","16,13 %",50.1177,1,"310,73 €"
2019,Trim 1,janvier,Takian Apartment Morzine,775,"€ 225,45","3,23 %",7.2726,1,"225,45 €"
2019,Trim 1,février,Abachi,1570,"€ 9927,26","25,00 %",354.545,1,"1418,18 €"
2019,Trim 1,février,Abachi,1685,"€ 5869,08","14,29 %",209.61,1,"1467,27 €"
2019,Trim 1,février,Abachi,1880,"€ 3169,10","7,14 %",113.1821,1,"1584,55 €"
2019,Trim 1,février,Abachi,2614,,,,1,
2019,Trim 1,février,Abachi,2623,,,,1,
2019,Trim 1,février,Agba Apartment Morzine,1273,"€ 1246,13","7,14 %",44.5046,1,"415,38 €"
2019,Trim 1,février,Agba Apartment Morzine,1417,"€ 4495,52","25,00 %",160.5543,1,"642,22 €"
2019,Trim 1,février,Agba Apartment Morzine,1467,,,,1,
2019,Trim 1,février,Agba Apartment Morzine,1489,"€ 1247,28","14,29 %",44.5457,1,"311,82 €"
2019,Trim 1,février,Agba Apartment Morzine,1533,,,,1,
2019,Trim 1,février,Agba Apartment Morzine,1561,"€ 1731,81","10,71 %",61.8504,1,"577,27 €"
2019,Trim 1,février,Agba Apartment Morzine,1684,"€ 1154,54","7,14 %",41.2336,1,"288,64 €"
2019,Trim 1,février,Ayan Apartment Morzine,1294,"€ 1122,76","7,14 %",40.0986,1,"280,69 €"
2019,Trim 1,février,Ayan Apartment Morzine,1465,,,,1,
2019,Trim 1,février,Ayan Apartment Morzine,1855,,,,1,
2019,Trim 1,février,Ayan Apartment Morzine,1865,"€ 1154,54","7,14 %",41.2336,1,"288,64 €"
2019,Trim 1,février,Ayan Apartment Morzine,1938,"€ 5065,48","25,00 %",180.91,1,"723,64 €"
2019,Trim 1,février,Ayan Apartment Morzine,2269,"€ 5065,48","25,00 %",180.91,1,"723,64 €"
2019,Trim 1,février,Ayan Apartment Morzine,2440,"€ 1563,64","14,29 %",55.8443,1,"390,91 €"
2019,Trim 1,février,Catalpa Apartment Morzine,1264,"€ 1705,47","14,29 %",60.9096,1,"426,37 €"
2019,Trim 1,février,Catalpa Apartment Morzine,1428,"€ 1818,20","17,86 %",64.9357,1,"363,64 €"
2019,Trim 1,février,Catalpa Apartment Morzine,1471,,,,1,
2019,Trim 1,février,Catalpa Apartment Morzine,1673,"€ 3646,45","25,00 %",130.2304,1,"520,92 €"
2019,Trim 1,février,Catalpa Apartment Morzine,2573,,,,1,
2019,Trim 1,février,Ipê Apartment Morzine,1257,"€ 3385,48","25,00 %",120.91,1,"483,64 €"
2019,Trim 1,février,Ipê Apartment Morzine,1382,"€ 1999,80","21,43 %",71.4214,1,"285,69 €"
2019,Trim 1,février,Ipê Apartment Morzine,1429,"€ 2110,00","17,86 %",75.3571,1,"422,00 €"
2019,Trim 1,février,Ipê Apartment Morzine,1636,"€ 1621,80","14,29 %",57.9214,1,"405,45 €"
2019,Trim 1,février,Iroko Apartment Morzine,1014,"€ 2730,00","25,00 %",97.5,1,"390,00 €"
2019,Trim 1,février,Iroko Apartment Morzine,1394,"€ 1326,92","14,29 %",47.39,1,"331,73 €"
2019,Trim 1,février,Iroko Apartment Morzine,1405,"€ 686,36","7,14 %",24.5129,1,"171,59 €"
2019,Trim 1,février,Iroko Apartment Morzine,1475,,,,1,
2019,Trim 1,février,Iroko Apartment Morzine,1505,"€ 1559,10","17,86 %",55.6821,1,"259,85 €"
2019,Trim 1,février,Iroko Apartment Morzine,1581,"€ 1870,92","21,43 %",66.8186,1,"311,82 €"
2019,Trim 1,février,Iroko Apartment Morzine,2462,,,,1,
2019,Trim 1,février,Iroko Apartment Morzine,2480,,,,1,
2019,Trim 1,février,Karri Apartment Morzine,1580,"€ 2090,90","17,86 %",74.675,1,"418,18 €"
2019,Trim 1,février,Karri Apartment Morzine,1712,"€ 761,82","7,14 %",27.2079,1,"253,94 €"
2019,Trim 1,février,Karri Apartment Morzine,1853,,,,1,
2019,Trim 1,février,Karri Apartment Morzine,2048,"€ 3181,85","25,00 %",113.6375,1,"454,55 €"
2019,Trim 1,février,Karri Apartment Morzine,2637,"€ 1432,72","14,29 %",51.1686,1,"358,18 €"
2019,Trim 1,février,Kauri Apartment Morzine,1274,"€ 1018,18","7,14 %",36.3636,1,"339,39 €"
2019,Trim 1,février,Kauri Apartment Morzine,1469,,,,1,
2019,Trim 1,février,Kauri Apartment Morzine,1500,"€ 1001,46","7,14 %",35.7664,1,"250,37 €"
2019,Trim 1,février,Kauri Apartment Morzine,1559,"€ 2214,56","14,29 %",79.0914,1,"553,64 €"
2019,Trim 1,février,Kauri Apartment Morzine,2162,"€ 3322,75","17,86 %",118.6696,1,"664,55 €"
2019,Trim 1,février,Kauri Apartment Morzine,2574,"€ 1818,20","17,86 %",64.9357,1,"363,64 €"
2019,Trim 1,février,Le Rouge Chalet Morzine,1157,"€ 8660,89","25,00 %",309.3175,1,"1237,27 €"
2019,Trim 1,février,Le Rouge Chalet Morzine,1271,"€ 2055,06","7,14 %",73.395,1,"513,77 €"
2019,Trim 1,février,Le Rouge Chalet Morzine,1460,,,,1,
2019,Trim 1,février,Le Rouge Chalet Morzine,1573,"€ 2970,00","10,71 %",106.0714,1,"990,00 €"
2019,Trim 1,février,Le Rouge Chalet Morzine,1736,"€ 3960,00","14,29 %",141.4286,1,"990,00 €"
2019,Trim 1,février,Le Rouge Chalet Morzine,1854,,,,1,
2019,Trim 1,février,Le Rouge Chalet Morzine,1862,"€ 4669,25","17,86 %",166.7589,1,"933,85 €"
2019,Trim 1,février,Le Rouge Chalet Morzine,2658,,,,1,
2019,Trim 1,février,Lovoa Apartment Morzine,1260,"€ 2712,15","41,18 %",159.5382,1,"387,45 €"
2019,Trim 1,février,Lovoa Apartment Morzine,1477,,,,1,
2019,Trim 1,février,Lovoa Apartment Morzine,1525,"€ 1870,92","35,29 %",110.0541,1,"267,27 €"
2019,Trim 1,février,Lovoa Apartment Morzine,1806,"€ 686,36","11,76 %",40.3741,1,"343,18 €"
2019,Trim 1,février,Lovoa Apartment Morzine,1852,,,,1,
2019,Trim 1,février,Lovoa Apartment Morzine,2600,,,,1,
2019,Trim 1,février,Lovoa Apartment Morzine,661,,"0,00 %",,1,
2019,Trim 1,février,Meranti Apartment Morzine,1409,"€ 1234,36","14,29 %",44.0843,1,"308,59 €"
2019,Trim 1,février,Meranti Apartment Morzine,1473,,,,1,
2019,Trim 1,février,Meranti Apartment Morzine,1552,"€ 2055,00","21,43 %",73.3929,1,"256,88 €"
2019,Trim 1,février,Meranti Apartment Morzine,1799,"€ 3175,48","25,00 %",113.41,1,"453,64 €"
2019,Trim 1,février,Meranti Apartment Morzine,1867,"€ 3902,70","21,43 %",139.3821,1,"650,45 €"
2019,Trim 1,février,Meranti Apartment Morzine,659,"€ 378,18","3,57 %",13.5064,1,"189,09 €"
2019,Trim 1,février,Moulin 1,1248,"€ 7222,74","25,00 %",257.955,1,"1031,82 €"
2019,Trim 1,février,Moulin 1,1667,"€ 2296,35","10,71 %",82.0125,1,"765,45 €"
2019,Trim 1,février,Moulin 1,2078,"€ 688,23","3,57 %",24.5796,1,"344,12 €"
2019,Trim 1,février,Moulin 1,2512,,,,1,
2019,Trim 1,février,Moulin 2,1199,"€ 7222,74","25,00 %",257.955,1,"1031,82 €"
2019,Trim 1,février,Moulin 2,1524,,"0,00 %",,1,
2019,Trim 1,février,Moulin 2,1659,"€ 4025,44","14,29 %",143.7657,1,"1006,36 €"
2019,Trim 1,février,Moulin 2,2079,"€ 959,09","3,57 %",34.2532,1,"239,77 €"
2019,Trim 1,février,Moulin 2,2419,,,,1,
2019,Trim 1,février,Moulin 2,2426,"€ 1363,65","10,71 %",48.7018,1,"454,55 €"
2019,Trim 1,février,Moulin 2,2553,,,,1,
2019,Trim 1,février,Moulin 3,1127,"€ 7222,74","25,00 %",257.955,1,"1031,82 €"
2019,Trim 1,février,Moulin 3,1868,"€ 5358,15","25,00 %",191.3625,1,"765,45 €"
2019,Trim 1,février,Moulin 3,1942,"€ 1918,18","7,14 %",68.5064,1,"479,55 €"
2019,Trim 1,février,Moulin 3,2191,"€ 1516,36","7,14 %",54.1557,1,"505,45 €"
2019,Trim 1,février,Moulin 3,2541,,,,1,
2019,Trim 1,février,Omaroo I Morzine,1034,"€ 666,14","3,57 %",23.7907,1,"95,16 €"
2019,Trim 1,février,Omaroo I Morzine,1315,"€ 6813,63","25,00 %",243.3439,1,"973,38 €"
2019,Trim 1,février,Omaroo I Morzine,1560,"€ 3005,46","10,71 %",107.3379,1,"1001,82 €"
2019,Trim 1,février,Omaroo I Morzine,1571,"€ 4947,30","21,43 %",176.6893,1,"706,76 €"
2019,Trim 1,février,Omaroo I Morzine,1633,"€ 1649,10","7,14 %",58.8964,1,"824,55 €"
2019,Trim 1,février,Omaroo Il Morzine,1332,"€ 1363,64","7,14 %",48.7014,1,"681,82 €"
2019,Trim 1,février,Omaroo Il Morzine,1424,"€ 1374,54","7,14 %",49.0907,1,"274,91 €"
2019,Trim 1,février,Omaroo Il Morzine,1430,"€ 4810,89","25,00 %",171.8175,1,"687,27 €"
2019,Trim 1,février,Omaroo Il Morzine,2487,,,,1,
2019,Trim 1,février,Omaroo Il Morzine,2552,,,,1,
2019,Trim 1,février,Omaroo Il Morzine,2669,,,,1,
2019,Trim 1,février,Omaroo Il Morzine,627,"€ 6529,11","25,00 %",233.1825,1,"932,73 €"
2019,Trim 1,février,Sugi Apartment Morzine,1272,"€ 1411,94","7,14 %",50.4264,1,"470,65 €"
2019,Trim 1,février,Sugi Apartment Morzine,1462,,,,1,
2019,Trim 1,février,Sugi Apartment Morzine,1594,"€ 2724,36","14,29 %",97.2986,1,"681,09 €"
2019,Trim 1,février,Sugi Apartment Morzine,1849,"€ 3200,00","17,86 %",114.2857,1,"640,00 €"
2019,Trim 1,février,Sugi Apartment Morzine,2056,"€ 5287,28","25,00 %",188.8314,1,"755,33 €"
2019,Trim 1,février,Sugi Apartment Morzine,2181,"€ 1898,00","14,29 %",67.7857,1,"474,50 €"
2019,Trim 1,février,Takian Apartment Morzine,1152,"€ 900,00","7,14 %",32.1429,1,"225,00 €"
2019,Trim 1,février,Takian Apartment Morzine,1385,"€ 3369,08","28,57 %",120.3243,1,"421,14 €"
2019,Trim 1,février,Takian Apartment Morzine,1564,"€ 887,28","7,14 %",31.6886,1,"221,82 €"
2019,Trim 1,février,Takian Apartment Morzine,2218,"€ 3894,52","25,00 %",139.09,1,"556,36 €"
2019,Trim 1,février,Takian Apartment Morzine,2308,"€ 2225,44","14,29 %",79.48,1,"556,36 €"
2019,Trim 1,février,Takian Apartment Morzine,2557,,,,1,
2019,Trim 1,mars,Abachi,2220,"€ 3454,54","6,45 %",111.4368,1,"1727,27 €"
2019,Trim 1,mars,Abachi,2614,"€ 2992,72","6,45 %",96.5394,1,"1496,36 €"
2019,Trim 1,mars,Agba Apartment Morzine,1467,"€ 1290,50","6,67 %",43.0167,1,"430,17 €"
2019,Trim 1,mars,Agba Apartment Morzine,1533,"€ 2454,84","13,33 %",81.828,1,"613,71 €"
2019,Trim 1,mars,Agba Apartment Morzine,1684,"€ 1154,54","6,67 %",38.4847,1,"288,64 €"
2019,Trim 1,mars,Agba Apartment Morzine,2190,"€ 2170,92","10,00 %",72.364,1,"723,64 €"
2019,Trim 1,mars,Ayan Apartment Morzine,1465,"€ 1290,50","7,14 %",46.0893,1,"430,17 €"
2019,Trim 1,mars,Ayan Apartment Morzine,1838,"€ 1443,64","7,14 %",51.5586,1,"721,82 €"
2019,Trim 1,mars,Ayan Apartment Morzine,1855,"€ 2724,56","14,29 %",97.3057,1,"681,14 €"
2019,Trim 1,mars,Ayan Apartment Morzine,1865,"€ 1154,54","7,14 %",41.2336,1,"288,64 €"
2019,Trim 1,mars,Ayan Apartment Morzine,2213,"€ 3618,20","17,86 %",129.2214,1,"723,64 €"
2019,Trim 1,mars,Catalpa Apartment Morzine,1471,"€ 811,00","6,67 %",27.0333,1,"270,33 €"
2019,Trim 1,mars,Catalpa Apartment Morzine,1481,"€ 1634,56","13,33 %",54.4853,1,"408,64 €"
2019,Trim 1,mars,Catalpa Apartment Morzine,1739,"€ 1814,56","13,33 %",60.4853,1,"453,64 €"
2019,Trim 1,mars,Catalpa Apartment Morzine,1840,"€ 907,28","6,67 %",30.2427,1,"453,64 €"
2019,Trim 1,mars,Catalpa Apartment Morzine,2573,"€ 1074,54","10,00 %",35.818,1,"358,18 €"
2019,Trim 1,mars,Ipê Apartment Morzine,1382,"€ 333,30","3,23 %",10.7516,1,"47,61 €"
2019,Trim 1,mars,Ipê Apartment Morzine,1402,"€ 2932,50","22,58 %",94.5968,1,"418,93 €"
2019,Trim 1,mars,Ipê Apartment Morzine,2341,"€ 2036,36","12,90 %",65.689,1,"509,09 €"
2019,Trim 1,mars,Ipê Apartment Morzine,2672,"€ 1202,73","9,68 %",38.7977,1,"400,91 €"
2019,Trim 1,mars,Iroko Apartment Morzine,1475,"€ 697,12","7,14 %",24.8971,1,"232,37 €"
2019,Trim 1,mars,Iroko Apartment Morzine,1505,"€ 311,82","3,57 %",11.1364,1,"51,97 €"
2019,Trim 1,mars,Iroko Apartment Morzine,1638,"€ 1560,00","14,29 %",55.7143,1,"390,00 €"
2019,Trim 1,mars,Iroko Apartment Morzine,1643,"€ 1091,82","10,71 %",38.9936,1,"363,94 €"
2019,Trim 1,mars,Iroko Apartment Morzine,1838,"€ 780,00","7,14 %",27.8571,1,"390,00 €"
2019,Trim 1,mars,Iroko Apartment Morzine,2462,"€ 1232,72","14,29 %",44.0257,1,"308,18 €"
2019,Trim 1,mars,Iroko Apartment Morzine,2480,"€ 1232,72","14,29 %",44.0257,1,"308,18 €"
2019,Trim 1,mars,Iroko Apartment Morzine,2586,"€ 1849,08","21,43 %",66.0386,1,"308,18 €"
2019,Trim 1,mars,Karri Apartment Morzine,1523,"€ 2401,40","17,86 %",85.7643,1,"480,28 €"
2019,Trim 1,mars,Karri Apartment Morzine,1837,"€ 907,28","7,14 %",32.4029,1,"453,64 €"
2019,Trim 1,mars,Karri Apartment Morzine,1853,"€ 1712,72","14,29 %",61.1686,1,"428,18 €"
2019,Trim 1,mars,Kauri Apartment Morzine,1469,"€ 1185,58","7,14 %",42.3421,1,"395,19 €"
2019,Trim 1,mars,Kauri Apartment Morzine,1500,"€ 1001,46","7,14 %",35.7664,1,"250,37 €"
2019,Trim 1,mars,Kauri Apartment Morzine,1526,"€ 1988,19","10,71 %",71.0068,1,"662,73 €"
2019,Trim 1,mars,Kauri Apartment Morzine,1553,"€ 1325,46","7,14 %",47.3379,1,"662,73 €"
2019,Trim 1,mars,Kauri Apartment Morzine,2251,"€ 1993,65","10,71 %",71.2018,1,"664,55 €"
2019,Trim 1,mars,Le Rouge Chalet Morzine,1391,"€ 4611,81","10,71 %",164.7075,1,"1537,27 €"
2019,Trim 1,mars,Le Rouge Chalet Morzine,1451,"€ 3711,81","10,71 %",132.5646,1,"1237,27 €"
2019,Trim 1,mars,Le Rouge Chalet Morzine,1460,"€ 2207,28","7,14 %",78.8314,1,"735,76 €"
2019,Trim 1,mars,Le Rouge Chalet Morzine,1854,"€ 3403,65","10,71 %",121.5589,1,"1134,55 €"
2019,Trim 1,mars,Le Rouge Chalet Morzine,828,"€ 3711,81","10,71 %",132.5646,1,"1237,27 €"
2019,Trim 1,mars,Le Rouge Chalet Morzine,952,"€ 5976,20","17,86 %",213.4357,1,"1195,24 €"
2019,Trim 1,mars,Lovoa Apartment Morzine,1477,"€ 697,12","7,41 %",25.8193,1,"232,37 €"
2019,Trim 1,mars,Lovoa Apartment Morzine,1525,"€ 311,82","3,70 %",11.5489,1,"44,55 €"
2019,Trim 1,mars,Lovoa Apartment Morzine,1577,"€ 1560,00","14,81 %",57.7778,1,"390,00 €"
2019,Trim 1,mars,Lovoa Apartment Morzine,1839,"€ 780,00","7,41 %",28.8889,1,"390,00 €"
2019,Trim 1,mars,Lovoa Apartment Morzine,1852,"€ 1472,72","14,81 %",54.5452,1,"368,18 €"
2019,Trim 1,mars,Lovoa Apartment Morzine,2600,"€ 581,82","7,41 %",21.5489,1,"290,91 €"
2019,Trim 1,mars,Meranti Apartment Morzine,1473,"€ 811,00","6,67 %",27.0333,1,"270,33 €"
2019,Trim 1,mars,Meranti Apartment Morzine,1552,"€ 685,00","6,67 %",22.8333,1,"85,63 €"
2019,Trim 1,mars,Meranti Apartment Morzine,1734,"€ 1284,36","10,00 %",42.812,1,"428,12 €"
2019,Trim 1,mars,Meranti Apartment Morzine,1840,"€ 907,28","6,67 %",30.2427,1,"453,64 €"
2019,Trim 1,mars,Moulin 1,1384,"€ 7015,47","22,58 %",226.3055,1,"1002,21 €"
2019,Trim 1,mars,Moulin 1,1583,"€ 2869,08","9,68 %",92.551,1,"956,36 €"
2019,Trim 1,mars,Moulin 1,2512,"€ 812,00","3,23 %",26.1935,1,"812,00 €"
2019,Trim 1,mars,Moulin 2,2079,"€ 2877,27","9,68 %",92.8152,1,"719,32 €"
2019,Trim 1,mars,Moulin 2,2139,"€ 2582,73","9,68 %",83.3139,1,"860,91 €"
2019,Trim 1,mars,Moulin 2,2231,"€ 3443,64","12,90 %",111.0852,1,"860,91 €"
2019,Trim 1,mars,Moulin 2,2553,"€ 2712,72","12,90 %",87.5071,1,"678,18 €"
2019,Trim 1,mars,Moulin 3,1717,"€ 2869,08","10,00 %",95.636,1,"956,36 €"
2019,Trim 1,mars,Moulin 3,1923,"€ 3836,36","13,33 %",127.8787,1,"959,09 €"
2019,Trim 1,mars,Moulin 3,1942,"€ 1918,18","6,67 %",63.9393,1,"479,55 €"
2019,Trim 1,mars,Omaroo I Morzine,1193,"€ 4127,28","12,90 %",133.1381,1,"1031,82 €"
2019,Trim 1,mars,Omaroo I Morzine,1571,"€ 824,55","3,23 %",26.5984,1,"117,79 €"
2019,Trim 1,mars,Omaroo I Morzine,1625,"€ 2373,18","6,45 %",76.5542,1,"1186,59 €"
2019,Trim 1,mars,Omaroo I Morzine,2252,"€ 2067,28","6,45 %",66.6865,1,"1033,64 €"
2019,Trim 1,mars,Omaroo Il Morzine,1126,"€ 2672,19","9,68 %",86.1997,1,"890,73 €"
2019,Trim 1,mars,Omaroo Il Morzine,1424,"€ 2232,72","9,68 %",72.0232,1,"446,54 €"
2019,Trim 1,mars,Omaroo Il Morzine,1621,"€ 1973,82","6,45 %",63.6716,1,"986,91 €"
2019,Trim 1,mars,Sugi Apartment Morzine,1393,"€ 2603,97","10,71 %",92.9989,1,"867,99 €"
2019,Trim 1,mars,Sugi Apartment Morzine,1462,"€ 1429,10","7,14 %",51.0393,1,"476,37 €"
2019,Trim 1,mars,Sugi Apartment Morzine,1705,"€ 2880,00","14,29 %",102.8571,1,"720,00 €"
2019,Trim 1,mars,Sugi Apartment Morzine,1839,"€ 1600,00","7,14 %",57.1429,1,"800,00 €"
2019,Trim 1,mars,Takian Apartment Morzine,1101,"€ 511,82","3,23 %",16.5103,1,"127,96 €"
2019,Trim 1,mars,Takian Apartment Morzine,1183,"€ 1929,28","12,90 %",62.2348,1,"482,32 €"
2019,Trim 1,mars,Takian Apartment Morzine,1298,"€ 2047,28","12,90 %",66.0413,1,"511,82 €"
2019,Trim 1,mars,Takian Apartment Morzine,1564,"€ 887,28","6,45 %",28.6219,1,"221,82 €"
2019,Trim 1,mars,Takian Apartment Morzine,1612,"€ 2218,20","12,90 %",71.5548,1,"554,55 €"
2019,Trim 1,mars,Takian Apartment Morzine,1972,"€ 1018,18","6,45 %",32.8445,1,"509,09 €"
2019,Trim 1,mars,Takian Apartment Morzine,2557,"€ 1239,27","9,68 %",39.9765,1,"413,09 €"
2019,Trim 2,avril,Agba Apartment Morzine,1467,"€ 645,25","3,57 %",23.0446,1,"215,08 €"
2019,Trim 2,avril,Ayan Apartment Morzine,1465,"€ 645,25","3,57 %",23.0446,1,"215,08 €"
2019,Trim 2,avril,Catalpa Apartment Morzine,1471,"€ 405,50","3,57 %",14.4821,1,"135,17 €"
2019,Trim 2,avril,Iroko Apartment Morzine,1277,"€ 1694,36","25,00 %",60.5129,1,"242,05 €"
2019,Trim 2,avril,Iroko Apartment Morzine,1475,"€ 348,56","3,57 %",12.4486,1,"116,19 €"
2019,Trim 2,avril,Kauri Apartment Morzine,1469,"€ 592,79","3,57 %",21.1711,1,"197,60 €"
2019,Trim 2,avril,Le Rouge Chalet Morzine,1432,"€ 5330,88","25,00 %",190.3886,1,"761,55 €"
2019,Trim 2,avril,Le Rouge Chalet Morzine,1460,"€ 1103,64","3,57 %",39.4157,1,"367,88 €"
2019,Trim 2,avril,Le Rouge Chalet Morzine,1723,"€ 1330,91","7,14 %",47.5325,1,"665,46 €"
2019,Trim 2,avril,Lovoa Apartment Morzine,1477,"€ 348,56","3,57 %",12.4486,1,"116,19 €"
2019,Trim 2,avril,Meranti Apartment Morzine,1473,"€ 405,50","3,57 %",14.4821,1,"135,17 €"
2019,Trim 2,avril,Omaroo I Morzine,1120,"€ 2091,81","10,71 %",74.7075,1,"697,27 €"
2019,Trim 2,avril,Omaroo Il Morzine,2487,"€ 981,82","7,14 %",35.065,1,"490,91 €"
2019,Trim 2,avril,Omaroo Il Morzine,2552,"€ 1516,36","7,14 %",54.1557,1,"758,18 €"
2019,Trim 2,avril,Omaroo Il Morzine,2669,"€ 2400,90","17,86 %",85.7464,1,"480,18 €"
2019,Trim 2,avril,Sugi Apartment Morzine,1462,"€ 714,55","3,57 %",25.5196,1,"238,18 €"
2019,Trim 2,avril,Takian Apartment Morzine,1101,"€ 1535,46","10,71 %",54.8379,1,"383,87 €"
2019,Trim 2,juin,Omaroo I Morzine,1829,"€ 3335,43","38,89 %",185.3017,1,"476,49 €"
2019,Trim 3,juillet,Agba Apartment Morzine,1427,"€ 2012,72","12,90 %",64.9265,1,"503,18 €"
2019,Trim 3,juillet,Ayan Apartment Morzine,1356,"€ 2852,73","19,35 %",92.0235,1,"475,46 €"
2019,Trim 3,juillet,Catalpa Apartment Morzine,1358,"€ 1720,92","19,35 %",55.5135,1,"286,82 €"
2019,Trim 3,juillet,Ipê Apartment Morzine,2024,"€ 1032,72","9,68 %",33.3135,1,"344,24 €"
2019,Trim 3,juillet,Ipê Apartment Morzine,2156,"€ 1419,99","16,13 %",45.8061,1,"236,67 €"
2019,Trim 3,juillet,Iroko Apartment Morzine,1051,"€ 889,08","9,68 %",28.68,1,"296,36 €"
2019,Trim 3,juillet,Iroko Apartment Morzine,2049,"€ 694,55","9,68 %",22.4048,1,"231,52 €"
2019,Trim 3,juillet,Karri Apartment Morzine,1355,"€ 1720,92","19,35 %",55.5135,1,"286,82 €"
2019,Trim 3,juillet,Kauri Apartment Morzine,1357,"€ 2599,08","19,35 %",83.8413,1,"433,18 €"
2019,Trim 3,juillet,Le Rouge Chalet Morzine,1233,"€ 2510,00","9,68 %",80.9677,1,"836,67 €"
2019,Trim 3,juillet,Lovoa Apartment Morzine,1263,"€ 493,63","6,45 %",15.9235,1,"246,82 €"
2019,Trim 3,juillet,Meranti Apartment Morzine,1358,"€ 1720,92","19,35 %",55.5135,1,"286,82 €"
2019,Trim 3,juillet,Moulin 1,1327,"€ 4444,57","22,58 %",143.3732,1,"634,94 €"
2019,Trim 3,juillet,Moulin 2,2419,"€ 1966,35","9,68 %",63.4306,1,"655,45 €"
2019,Trim 3,juillet,Moulin 3,2541,"€ 1966,35","9,68 %",63.4306,1,"655,45 €"
2019,Trim 3,juillet,Omaroo Il Morzine,2369,"€ 1507,54","6,45 %",48.6303,1,"753,77 €"
2019,Trim 3,juillet,Sugi Apartment Morzine,1425,"€ 2229,09","12,90 %",71.9061,1,"557,27 €"
2019,Trim 3,juillet,Takian Apartment Morzine,1144,"€ 1035,45","9,68 %",33.4016,1,"345,15 €"
2019,Trim 3,août,Ipê Apartment Morzine,2156,"€ 387,27","3,23 %",12.4926,1,"64,55 €"
2019,Trim 3,août,Karri Apartment Morzine,1655,"€ 2981,83","35,48 %",96.1881,1,"271,08 €"
2019,Trim 4,octobre,Abachi,2272,"€ 1898,18","7,41 %",70.303,1,"949,09 €"
2019,Trim 4,octobre,Iroko Apartment Morzine,758,"€ 420,00","7,41 %",15.5556,1,"210,00 €"
2019,Trim 4,décembre,Karri Apartment Morzine,2307,"€ 1818,20","20,00 %",90.91,1,"363,64 €"
2019,Trim 4,décembre,Le Rouge Chalet Morzine,2290,"€ 4227,27","15,00 %",211.3635,1,"1409,09 €"
2019,Trim 4,décembre,Lovoa Apartment Morzine,2412,"€ 781,82","10,00 %",39.091,1,"195,46 €"
2019,Trim 4,décembre,Moulin 1,1954,"€ 1372,00","10,00 %",68.6,1,"686,00 €"
2019,Trim 4,décembre,Moulin 2,1955,"€ 1372,00","10,00 %",68.6,1,"686,00 €"
2019,Trim 4,décembre,Moulin 3,1956,"€ 1372,00","10,00 %",68.6,1,"686,00 €"
2019,Trim 4,décembre,Takian Apartment Morzine,2335,"€ 1112,72","10,00 %",55.636,1,"370,91 €"
2020,Trim 1,janvier,Karri Apartment Morzine,2307,"€ 454,55","3,23 %",14.6629,1,"90,91 €"
2020,Trim 1,janvier,Le Rouge Chalet Morzine,2290,,"0,00 %",,1,
2020,Trim 1,janvier,Lovoa Apartment Morzine,2412,"€ 781,82","6,45 %",25.22,1,"195,46 €"
2020,Trim 1,janvier,Takian Apartment Morzine,2335,"€ 556,36","3,23 %",17.9471,1,"185,45 €"
2020,Trim 1,février,Abachi,2623,"€ 10462,74","31,82 %",475.5791,1,"1494,68 €"
2020,Trim 1,février,Le Rouge Chalet Morzine,2658,"€ 9227,26","31,82 %",419.4209,1,"1318,18 €"
